Symbol,Company Name,Market Capitalization,Sector,Industry,Dividend Yield,Beta
AAIC-B,Arlington Asset Investment Corp,--,Financials,Mortgage Real Estate Investment Trusts (REITs),6.99%,--
AAIC-C,Arlington Asset Investment Corp,--,Financials,Mortgage Real Estate Investment Trusts (REITs),8.15%,--
AAT,"American Assets Trust, Inc",$2.3B,Real Estate,Equity Real Estate Investment Trusts (REITs),3.05%,+1.3
AATC,Autoscope Technologies Corp,$44.0M,Information Technology,"Electronic Equipment, Instruments & Components",5.82%,+1.2
AB,Alliancebernstein Holding LP,$5.2B,Financials,Capital Markets,6.59%,+1.4
ABBV,AbbVie Inc,$188.9B,Health Care,Biotechnology,4.85%,+0.8
ABR,Arbor Realty Trust Inc,$2.6B,Financials,Mortgage Real Estate Investment Trusts (REITs),7.68%,+1.9
ABR-D,Arbor Realty Trust Inc,--,,,6.24%,--
ACC,"American Campus Communities, Inc.",$7.0B,Real Estate,Equity Real Estate Investment Trusts (REITs),3.70%,+0.9
ACNB,ACNB Corporation,$240.4M,Financials,Banks,3.63%,+0.1
ACP,Aberdeen Income Credit Strategies Fund,$198.1M,,,10.51%,+1.1
ACP-A,Aberdeen Income Credit Strategies Fund,--,,,4.88%,--
ACR-C,Acres Commercial Realty Corp,--,Financials,Mortgage Real Estate Investment Trusts (REITs),8.40%,--
ACR-D,Acres Commercial Realty Corp,--,Financials,Mortgage Real Estate Investment Trusts (REITs),5.87%,--
ACRE,Ares Commercial Real Estate Corp,$732.3M,Financials,Mortgage Real Estate Investment Trusts (REITs),8.40%,+1.4
ACV,Virtus Allianzgi Divrsfd Inc & Conrb Fnd,$377.7M,,,5.47%,+1.4
ADC,Agree Realty Corporation,$4.9B,Real Estate,Equity Real Estate Investment Trusts (REITs),3.62%,+0.3
AE,ADAMS RESOURCES & ENERGY INC,$126.4M,Energy,"Oil, Gas & Consumable Fuels",3.19%,+1.2
AEF,ABERDEEN EMRG MKT EQT INM FD,$451.2M,,,3.60%,+1.0
AEG,AEGON N.V. (ADR),$10.0B,Financials,Insurance,3.44%,+1.4
AEP,American Electric Power Company Inc,$44.6B,Utilities,Electric Utilities,3.27%,+0.3
AFB,AllianceBernstein Natnl Muncpl Incm Fnd.,$432.2M,,,4.24%,+0.2
AFCG,AFC Gamma Inc,$345.6M,Financials,Mortgage Real Estate Investment Trusts (REITs),7.21%,--
AFIN,American Finance Trust Inc,$987.3M,Real Estate,Equity Real Estate Investment Trusts (REITs),10.00%,--
AFT,Apollo Senior Floating Rate Fund Inc,$246.2M,,,6.46%,+0.5
AGD,Alpine Global Dynamic Dividend Fund,$155.6M,,,6.29%,+1.2
AGM,Federal Agricultural Mortgage Corp.,$911.6M,Financials,Thrifts & Mortgage Finance,3.54%,+1.1
AGM-C,Federal Agricultural Mortgage Corp,--,Financials,Thrifts & Mortgage Finance,5.22%,--
AGM-D,Federal Agricultural Mortgage Corp,--,Financials,Thrifts & Mortgage Finance,5.29%,--
AGM-E,Federal Agricultural Mortgage Corp,--,Financials,Thrifts & Mortgage Finance,5.32%,--
AGM-F,Federal Agricultural Mortgage Corp,--,Financials,Thrifts & Mortgage Finance,5.01%,--
AGM-G,Federal Agricultural Mortgage Corp,--,Financials,Thrifts & Mortgage Finance,4.64%,--
AGNC,AGNC Investment Corp,$8.4B,Financials,Mortgage Real Estate Investment Trusts (REITs),8.99%,+1.0
AGR,Avangrid Inc,$20.4B,Utilities,Electric Utilities,3.29%,+0.2
AHH,Armada Hoffler Properties Inc,$1.1B,Real Estate,Equity Real Estate Investment Trusts (REITs),4.84%,+0.8
AHH-A,Armada Hoffler Properties Inc,--,Real Estate,Equity Real Estate Investment Trusts (REITs),6.20%,--
AHL-C,Aspen Insurance Holdings Ltd,--,,,5.41%,--
AHL-D,Aspen Insurance Holdings Ltd,--,,,5.11%,--
AINV,Apollo Investment Corp.,$894.7M,Financials,Capital Markets,9.06%,+2.1
AIO,Virtus Allianzgi A I & Tech Opportnts Fd,$962.4M,,,5.33%,--
AIRC,Apartment Income REIT Corp,$8.0B,Real Estate,Equity Real Estate Investment Trusts (REITs),3.47%,--
AIRTP,Air T Funding,--,Industrials,Air Freight & Logistics,7.96%,--
AJX,Great Ajax Corp,$314.7M,Financials,Mortgage Real Estate Investment Trusts (REITs),6.13%,+1.8
AKO.A,EMBOTELLADORA ANDINA SA,$950.5M,Consumer Staples,Beverages,6.93%,+0.5
AKO.B,Embotelladora Andina SA (ADR),$1.1B,Consumer Staples,Beverages,6.75%,+0.5
AL-A,Air Lease Corp,--,Industrials,Trading Companies & Distributors,5.71%,--
ALCO,"Alico, Inc.",$270.9M,Consumer Staples,Food Products,5.56%,+0.5
ALE,ALLETE Inc,$3.4B,Utilities,Electric Utilities,3.79%,+0.5
ALEX,Alexander & Baldwin Inc (Hawaii),$1.6B,Real Estate,Equity Real Estate Investment Trusts (REITs),3.22%,+1.4
ALIN-A,Altera Infrastructure LP,--,,,27.54%,--
ALIN-B,Altera Infrastructure LP,--,,,31.81%,--
ALIN-E,Altera Infrastructure LP,--,,,33.22%,--
ALLY-A,GMAC Capital Trust I,--,,,5.61%,--
ALP-Q,Alabama Power Co,--,Utilities,Electric Utilities,4.74%,--
ALTM,Altus Midstream Co,$1.1B,Energy,"Oil, Gas & Consumable Fuels",9.33%,+3.9
ALX,"Alexander's, Inc.",$1.3B,Real Estate,Equity Real Estate Investment Trusts (REITs),6.96%,+0.6
AM,Antero Midstream Corp,$4.8B,Energy,"Oil, Gas & Consumable Fuels",9.00%,--
AMCR,Amcor PLC,$19.1B,Materials,Containers & Packaging,3.87%,--
AMGN,"Amgen, Inc.",$121.9B,Health Care,Biotechnology,3.27%,+0.7
AMH-F,American Homes 4 Rent,--,Real Estate,Equity Real Estate Investment Trusts (REITs),5.64%,--
AMH-G,American Homes 4 Rent,--,Real Estate,Equity Real Estate Investment Trusts (REITs),5.57%,--
AMH-H,American Homes 4 Rent,--,Real Estate,Equity Real Estate Investment Trusts (REITs),5.61%,--
AMNB,American National BankShares Inc,$350.1M,Financials,Banks,3.38%,+1.2
AOD,Aberdeen Total Dynamic Dividend Fund,$1.1B,,,6.68%,+1.1
APAM,Artisan Partners Asset Management Inc,$4.0B,Financials,Capital Markets,7.92%,+1.8
APO,Apollo Global Management Inc,$26.5B,Financials,Capital Markets,3.45%,+1.6
APO-A,Apollo Global Management Inc,--,Financials,Capital Markets,6.15%,--
APO-B,Apollo Global Management Inc,--,Financials,Capital Markets,5.92%,--
APTS,Preferred Apartment Communities Inc.,$624.6M,Real Estate,Equity Real Estate Investment Trusts (REITs),5.78%,+1.2
APTV-A,Aptiv PLC,--,Consumer Discretionary,Auto Components,3.26%,--
ARCC,Ares Capital Corporation,$9.1B,Financials,Capital Markets,8.08%,+1.2
ARDC,Ares Dynamic Credit Allocation Fund Inc,$376.0M,,,7.15%,+0.7
ARI,Apollo Commercial Real Est. Finance Inc,$2.1B,Financials,Mortgage Real Estate Investment Trusts (REITs),9.21%,+1.4
ARLP,"Alliance Resource Partners, L.P.",$1.2B,Energy,"Oil, Gas & Consumable Fuels",4.25%,+1.9
AROC,Archrock Inc,$1.1B,Energy,Energy Equipment & Services,7.95%,+2.2
ARR,"ARMOUR Residential REIT, Inc.",$908.3M,Financials,Mortgage Real Estate Investment Trusts (REITs),11.02%,+1.0
ARR-C,ARMOUR Residential REIT Inc,--,Financials,Mortgage Real Estate Investment Trusts (REITs),6.69%,--
ASB,Associated Banc Corp,$3.2B,Financials,Banks,3.98%,+1.2
ASG,Liberty All-Star Growth Fund Inc.,$477.3M,,,7.67%,+1.4
ASRVP,Ameriserv Capital Trust I,--,,,8.29%,--
ASX,ASE Technology Holding Co Ltd (ADR),$20.0B,Information Technology,Semiconductors & Semiconductor Equipment,3.38%,+1.1
ATAX,America First Multifamily Investors LP,$403.0M,Financials,Thrifts & Mortgage Finance,6.57%,+0.6
ATCO,Atlas Corp,$3.9B,Industrials,Marine,3.21%,+1.1
ATCO-D,Atlas Corp,--,Industrials,Marine,7.76%,--
ATCO-H,Atlas Corp,--,Industrials,Marine,7.76%,--
ATCO-I,Atlas Corp,--,Industrials,Marine,7.33%,--
ATLO,Ames National Corporation,$210.3M,Financials,Banks,4.48%,+0.8
AU,AngloGold Ashanti Limited (ADR),$6.4B,Materials,Metals & Mining,3.35%,+0.5
AUB,Atlantic Union Bankshares Corp,$2.7B,Financials,Banks,3.20%,+1.4
AVA,Avista Corp,$2.9B,Utilities,Multi-Utilities,3.99%,+0.6
AVK,Advent Convertible and Income Fund,$670.9M,,,7.27%,+1.2
AWF,AllianceBernstein Global Hgh Incm Fd Inc,$1.1B,,,6.34%,+0.7
AWP,Alpine Global Premier Properties Fund,$568.0M,,,7.17%,+1.1
AXS,Axis Capital Holdings Limited,$4.0B,Financials,Insurance,3.49%,+0.9
AY,Atlantica Sustainable Infrastructure PLC,$4.2B,Utilities,Independent Power & Renewable Electricity Producers,4.56%,+0.7
BAC-L,Bank of America Corp,--,Financials,Banks,4.86%,--
BANR,Banner Corporation,$1.8B,Financials,Banks,3.10%,+1.1
BANX,StoneCastle Financial Corp,$142.9M,Financials,Capital Markets,7.07%,+0.7
BBDC,Barings BDC Inc,$706.7M,Financials,Capital Markets,7.83%,+0.7
BBL,BHP Group PLC (ADR),$61.1B,Materials,Metals & Mining,12.48%,+1.1
BBN,Blackrock Taxable Municipal Bond Trust,$1.5B,,,5.27%,+0.3
BCBP,"BCB Bancorp, Inc.",$247.9M,Financials,Banks,4.37%,+0.6
BCEI,Bonanza Creek Energy Inc,$1.4B,Energy,"Oil, Gas & Consumable Fuels",3.20%,+2.1
BCH,Banco de Chile (ADR),$9.7B,Financials,Banks,3.11%,+0.6
BCSF,Bain Capital Specialty Finance Inc,$974.9M,Financials,Capital Markets,8.93%,--
BCV,Bancroft Fund Ltd.,$172.7M,,,4.09%,+1.0
BCV-A,Bancroft Fund Ltd,--,,,5.23%,--
BCX,BlackRock Resources&Commdts Strtgy Trst,$828.4M,,,5.14%,+1.3
BDJ,Blackrock Enhanced Equity Dividend Trust,$1.9B,,,5.92%,+1.1
BDN,Brandywine Realty Trust,$2.3B,Real Estate,Equity Real Estate Investment Trusts (REITs),5.53%,+1.2
BEDU,Bright Scholar Education Holdngs Ltd-ADR,$360.8M,Consumer Discretionary,Diversified Consumer Services,3.75%,+0.9
BEN,"Franklin Resources, Inc.",$16.0B,Financials,Capital Markets,3.57%,+1.2
BEP-A,Brookfield Renewable Partners LP,--,Utilities,Independent Power & Renewable Electricity Producers,5.05%,--
BFIN,BankFinancial Corporation,$155.0M,Financials,Banks,3.55%,+0.7
BFK,Blackrock Municipal Income Trust,$701.0M,,,4.52%,+0.3
BFS,Saul Centers Inc,$1.0B,Real Estate,Equity Real Estate Investment Trusts (REITs),4.99%,+1.1
BGB,Blackstone Strategic Credit Fund,$626.4M,,,6.17%,+0.7
BGFV,Big 5 Sporting Goods Corporation,$643.0M,Consumer Discretionary,Specialty Retail,3.45%,+2.9
BGR,Blackrock Energy and Resources Trust,$258.8M,,,5.11%,+1.6
BGS,"B&G Foods, Inc.",$2.2B,Consumer Staples,Food Products,6.35%,+0.5
BGSF,BGSF Inc,$133.8M,Industrials,Professional Services,3.69%,+2.5
BGX,Blackstone Long-Short Credit Income Fund,$190.2M,,,6.51%,+0.8
BGY,Blackrock Enhanced Internationl Dvdnd Tr,$671.3M,,,6.32%,+0.9
BHB,BAR HBR BANKSHARES COM,$390.0M,Financials,Banks,3.68%,+0.9
BHK,BlackRock Core Bond Trust,$919.5M,,,5.33%,+0.4
BHP,BHP Group Ltd (ADR),$90.3B,Materials,Metals & Mining,11.78%,+1.0
BHR-B,Braemar Hotels & Resorts Inc,--,Real Estate,Equity Real Estate Investment Trusts (REITs),6.16%,--
BHR-D,Braemar Hotels & Resorts Inc,--,Real Estate,Equity Real Estate Investment Trusts (REITs),7.93%,--
BIP,Brookfield Infrastructure Partners L.P.,$24.3B,Utilities,Multi-Utilities,3.53%,+0.8
BIPC,Brookfield Infrastructure Corp,$2.8B,Utilities,Gas Utilities,3.17%,--
BIT,Blackrock Multi-Sector Income Trust,$713.6M,,,7.85%,+0.8
BKCC,Blackrock Capital Investment Corp,$309.0M,Financials,Capital Markets,9.62%,+1.8
BKE,Buckle Inc,$2.0B,Consumer Discretionary,Specialty Retail,3.29%,+1.1
BKEP,Blueknight Energy Partners L.P.,$133.7M,Energy,"Oil, Gas & Consumable Fuels",4.94%,+2.4
BKEPP,Blueknight Energy Partners LP,--,Energy,"Oil, Gas & Consumable Fuels",8.71%,--
BKH,Black Hills Corp,$4.3B,Utilities,Multi-Utilities,3.28%,+0.4
BKN,BlackRock Inv. Quality Munic. Trust Inc.,$320.1M,,,4.39%,+0.2
BKR,Baker Hughes Co,$25.0B,Energy,Energy Equipment & Services,3.06%,+1.7
BKSC,Bank of South Carolina,$113.2M,Financials,Banks,3.32%,+0.5
BKT,Blackrock Income Trust Inc,$411.7M,,,6.48%,+0.2
BLE,BlackRock Municipal Income Trust II,$772.9M,,,4.66%,+0.3
BLW,BlackRock Ltd. Duration Income Trust,$621.4M,,,6.74%,+0.7
BLX,Foreign Trade Bank of Latin America Inc,$650.2M,Financials,Diversified Financial Services,6.05%,+1.4
BMY,Bristol-Myers Squibb Co,$140.5B,Health Care,Pharmaceuticals,3.08%,+0.6
BNL,Broadstone Net Lease Inc,$4.2B,Real Estate,Equity Real Estate Investment Trusts (REITs),3.80%,--
BNY,Blackrock New York Municipal Income Trst,$375.5M,,,4.45%,+0.2
BOE,BlackRock Enhanced Global Dividend Trust,$800.0M,,,6.05%,+1.0
BOH,Bank of Hawaii Corporation,$3.2B,Financials,Banks,3.49%,+1.3
BP,BP plc (ADR),$82.3B,Energy,"Oil, Gas & Consumable Fuels",5.39%,+0.9
BPMP,BP Midstream Partners LP,$1.4B,Energy,"Oil, Gas & Consumable Fuels",10.54%,+1.2
BPYPP,Brookfield Property Partners LP,$165.7M,,,6.25%,--
BRG,BLUEROCK RESIDENTIAL GROWTH,$289.5M,Real Estate,Equity Real Estate Investment Trusts (REITs),6.00%,+1.0
BRG-C,Bluerock Residential Growth REIT Inc,--,Real Estate,Equity Real Estate Investment Trusts (REITs),7.47%,--
BRG-D,Bluerock Residential Growth REIT Inc,--,Real Estate,Equity Real Estate Investment Trusts (REITs),6.99%,--
BRKL,"Brookline Bancorp, Inc.",$1.1B,Financials,Banks,3.31%,+0.8
BRMK,Broadmark Realty Capital Inc,$1.4B,Financials,Mortgage Real Estate Investment Trusts (REITs),8.15%,+0.8
BRSP,Brightspire Capital Inc,$1.2B,Financials,Mortgage Real Estate Investment Trusts (REITs),6.58%,+1.8
BRT,BRT Apartments Corp,$362.3M,Real Estate,Equity Real Estate Investment Trusts (REITs),4.30%,+1.3
BRW,Saba Capital Income & Opportunities Fund,$555.3M,,,8.68%,+0.7
BRX,Brixmor Property Group Inc,$6.8B,Real Estate,Equity Real Estate Investment Trusts (REITs),3.73%,+1.7
BRY,Berry Corporation (Bry),$474.8M,Energy,"Oil, Gas & Consumable Fuels",4.01%,+2.9
BSAC,Banco Santander-Chile (ADR),$9.5B,Financials,Banks,9.15%,+0.8
BSBR,Banco Santander Brasil SA (ADR),$2.5B,Financials,Banks,4.86%,+0.9
BSL,Blackstone Senior Floating Rate Trm Fnd,$221.0M,,,5.55%,+0.6
BSM,Black Stone Minerals LP,$2.2B,Energy,"Oil, Gas & Consumable Fuels",7.59%,+1.6
BSRR,Sierra Bancorp,$364.5M,Financials,Banks,3.67%,+1.3
BST,BlackRock Science & Technology Trust,$1.4B,,,4.95%,+1.1
BSTZ,Blackrock Science and Technology TrustII,$3.3B,,,4.96%,--
BSX-A,Boston Scientific Corp,--,Health Care,Health Care Equipment & Supplies,4.55%,--
BTA,BlackRock LT Municipal Advantage Trust,$191.3M,,,4.62%,+0.4
BTI,British American Tobacco PLC (ADR),$84.8B,Consumer Staples,Tobacco,9.85%,+0.9
BTO,John Hancock Financial Opprts Fund,$763.6M,,,5.33%,+1.8
BTZ,Blackrock Credit Allocation Income Trust,$1.5B,,,6.47%,+0.6
BUSE,First Busey Corporation,$1.3B,Financials,Banks,3.96%,+1.1
BW-A,Babcock & Wilcox Enterprises Inc,--,Industrials,Electrical Equipment,7.66%,--
BWG,Brandywineglbl Global Incm Opp Fund Inc,$213.4M,,,7.53%,+0.6
BWMX,Betterware de Mexico SAB de CV,$1.4B,Consumer Discretionary,Internet & Direct Marketing Retail,4.59%,--
BXMT,Blackstone Mortgage Trust Inc,$4.6B,Financials,Mortgage Real Estate Investment Trusts (REITs),7.66%,+1.4
BXMX,Nuveen S&P 500 BuyWrite Income Fund,$1.6B,,,5.75%,+1.0
BXP,"Boston Properties, Inc.",$17.1B,Real Estate,Equity Real Estate Investment Trusts (REITs),3.52%,+1.2
BXS-A,BancorpSouth Bank,--,Financials,Banks,5.24%,--
BYM,BlackRock Municipal Income Quality Trust,$417.2M,,,4.39%,+0.3
C-N,Citigroup Capital XIII,--,,,5.89%,--
CAC,Camden National Corporation,$685.0M,Financials,Banks,3.12%,+1.0
CAG,Conagra Brands Inc,$15.9B,Consumer Staples,Food Products,3.76%,+0.9
CAH,Cardinal Health Inc,$15.4B,Health Care,Health Care Providers & Services,3.68%,+1.0
CAI-A,CAI International Inc,--,Industrials,Trading Companies & Distributors,8.31%,--
CAI-B,CAI International Inc,--,Industrials,Trading Companies & Distributors,8.22%,--
CAJ,Canon Inc (ADR),$25.8B,Information Technology,"Technology Hardware, Storage & Peripherals",3.11%,+0.4
CAPL,Crossamerica Partners LP,$739.1M,Energy,"Oil, Gas & Consumable Fuels",10.81%,+2.2
CATO,Cato Corp,$362.4M,Consumer Discretionary,Specialty Retail,4.12%,+1.0
CATY,Cathay General Bancorp,$3.2B,Financials,Banks,3.10%,+1.5
CBD,Companhia Brasileira de Distribuicao,$1.4B,Consumer Staples,Food & Staples Retailing,8.04%,+1.1
CBFV,CB Financial Services Inc,$124.1M,Financials,Banks,4.17%,+0.8
CC,Chemours Co,$5.2B,Materials,Chemicals,3.16%,+2.2
CCAP,Crescent Capital BDC Inc,$535.2M,Financials,Capital Markets,8.59%,--
CCD,Calamos Dynamic Convertible & Incm Fd,$790.0M,,,7.29%,+1.2
CCLP,CSI Compressco LP,$64.8M,Energy,Energy Equipment & Services,3.08%,+1.8
CCOI,Cogent Communications Holdings Inc,$3.5B,Communication Services,Diversified Telecommunication Services,4.40%,+0.1
CCU,Compania Cervecerias Unidas S.A. (ADR),$3.6B,Consumer Staples,Beverages,5.06%,+0.9
CDR-B,Cedar Realty Trust Inc,--,Real Estate,Equity Real Estate Investment Trusts (REITs),7.07%,--
CDR-C,Cedar Realty Trust Inc,--,Real Estate,Equity Real Estate Investment Trusts (REITs),6.38%,--
CEE,Central and Eastern Europe Fund Inc,$184.3M,,,3.23%,+1.2
CEM,Clearbridge MLP and Midstream Fund Inc,$361.9M,,,7.25%,+3.0
CEQP,Crestwood Equity Partners LP,$1.7B,Energy,"Oil, Gas & Consumable Fuels",9.18%,+3.5
CEV,Eaton Vance California Mun. Income Trust,$99.8M,,,4.05%,+0.0
CFFI,C&F Financial Corp,$188.6M,Financials,Banks,3.06%,+0.6
CFFN,"Capitol Federal Financial, Inc.",$1.5B,Financials,Thrifts & Mortgage Finance,3.03%,+0.3
CFG,Citizens Financial Group Inc,$18.4B,Financials,Banks,3.61%,+1.7
CGBD,TCG BDC Inc,$746.1M,Financials,Capital Markets,9.31%,+2.1
CGO,Calamos Global Total Return Fund,$155.2M,,,7.07%,+1.3
CHCO,City Holding Company,$1.1B,Financials,Banks,3.07%,+0.6
CHCT,Community Healthcare Trust Inc,$1.2B,Real Estate,Equity Real Estate Investment Trusts (REITs),3.58%,+0.5
CHI,Calamos Conv. Opptys. & Income Fund,$1.1B,,,7.27%,+1.2
CHMI,Cherry Hill Mortgage Investment Corp,$153.4M,Financials,Mortgage Real Estate Investment Trusts (REITs),12.01%,+1.3
CHMI-A,Cherry Hill Mortgage Investment Corp,--,Financials,Mortgage Real Estate Investment Trusts (REITs),7.87%,--
CHMI-B,Cherry Hill Mortgage Investment Corp,--,Financials,Mortgage Real Estate Investment Trusts (REITs),7.98%,--
CHSCP,CHS Inc,$371.0M,Consumer Staples,Food Products,6.60%,+0.4
CHT,"Chunghwa Telecom Co., Ltd (ADR)",$30.9B,Communication Services,Diversified Telecommunication Services,3.87%,+0.0
CHW,Calamos Global Dynamic Income Fund,$626.4M,,,7.97%,+1.4
CHY,Calamos Convertible & Hi Income Fund,$1.2B,,,7.29%,+1.2
CIF,MFS Intermediate High Income Fund,$58.2M,,,7.78%,+0.7
CIG,Companhia Energetica de Minas Gers CEMIG,$2.8B,Utilities,Electric Utilities,5.45%,+0.5
CIG.C,CIA ENERGETICA DE MINAS,$1.8B,Utilities,Electric Utilities,4.16%,+0.5
CII,BlackRock Enhanced Capital and Income Fd,$949.9M,,,5.18%,+1.0
CIK,CREDIT SUISSE ASST INCOME FD,$184.7M,,,7.65%,+0.7
CIM,Chimera Investment Corporation,$3.5B,Financials,Mortgage Real Estate Investment Trusts (REITs),8.79%,+1.0
CIM-A,Chimera Investment Corp,--,Financials,Mortgage Real Estate Investment Trusts (REITs),7.79%,--
CIM-B,Chimera Investment Corp,--,Financials,Mortgage Real Estate Investment Trusts (REITs),7.61%,--
CIM-C,Chimera Investment Corp,--,Financials,Mortgage Real Estate Investment Trusts (REITs),7.33%,--
CIM-D,Chimera Investment Corp,--,Financials,Mortgage Real Estate Investment Trusts (REITs),7.60%,--
CIO,City Office REIT Inc,$748.7M,Real Estate,Equity Real Estate Investment Trusts (REITs),3.48%,+1.6
CIO-A,City Office REIT Inc,--,Real Estate,Equity Real Estate Investment Trusts (REITs),6.60%,--
CIT-B,CIT Group Inc,--,Financials,Banks,5.28%,--
CIX,COMPX INTL INC CL A,$275.0M,Industrials,Commercial Services & Supplies,3.71%,+0.4
CIZN,Citizens Holding Company,$100.7M,Financials,Banks,5.37%,+0.1
CLM,Cornerstone Strategic Value Fund Inc.,$1.6B,,,14.57%,+1.0
CLPR,Clipper Realty Inc,$132.1M,Real Estate,Equity Real Estate Investment Trusts (REITs),4.55%,+1.0
CMA,Comerica Incorporated,$9.8B,Financials,Banks,3.72%,+1.6
CMCL,CALEDONIA MINING CORP PLC,$145.5M,Materials,Metals & Mining,4.33%,+0.8
CMCT,CIM Commercial Trust Corp,$158.9M,Real Estate,Equity Real Estate Investment Trusts (REITs),4.32%,+0.8
CMO,Capstead Mortgage Corporation,$668.0M,Financials,Mortgage Real Estate Investment Trusts (REITs),8.68%,+1.6
CMO-E,Capstead Mortgage Corp,--,Financials,Mortgage Real Estate Investment Trusts (REITs),7.37%,--
CMP,"Compass Minerals International, Inc.",$2.3B,Materials,Metals & Mining,4.36%,+1.6
CMS-B,Consumers Energy Co,--,Utilities,Multi-Utilities,4.09%,--
CMU,MFS High Yield Municipal Trust,$136.0M,,,3.97%,+0.3
CNA,Cna Financial Corp,$11.6B,Financials,Insurance,3.53%,+0.8
CODI,Compass Diversified Holdings,$2.0B,Financials,Diversified Financial Services,4.69%,+1.8
CODI-A,Compass Diversified Holdings,--,Financials,Diversified Financial Services,7.04%,--
CODI-B,Compass Diversified Holdings,--,Financials,Diversified Financial Services,7.35%,--
CODI-C,Compass Diversified Holdings,--,Financials,Diversified Financial Services,7.53%,--
COFS,Choiceone Financial Services Inc,$192.5M,Financials,Banks,3.99%,+0.5
COHN,COHEN & COMPANY INC,$35.3M,Financials,Capital Markets,4.75%,+1.0
COLB,Columbia Banking System Inc,$2.5B,Financials,Banks,3.22%,+0.9
COP,ConocoPhillips,$75.0B,Energy,"Oil, Gas & Consumable Fuels",3.09%,+1.8
COR,CoreSite Realty Corp,$6.6B,Real Estate,Equity Real Estate Investment Trusts (REITs),3.38%,+0.3
CORR,Corenergy Infrastructure Trust Inc,$69.0M,Real Estate,Equity Real Estate Investment Trusts (REITs),4.29%,+0.9
CPAC,Cementos Pacasmayo ADR,$466.2M,Materials,Construction Materials,18.27%,+0.3
CPB,Campbell Soup Company,$13.1B,Consumer Staples,Food Products,3.46%,+0.6
CPF,Central Pacific Financial Corp.,$669.1M,Financials,Banks,4.01%,+1.3
CPZ,Calamos Long/Shrt Eqty&DycIncmTrmTst,$403.4M,,,8.21%,--
CQP,CHENIERE ENERGY PARTNERS LP,$20.3B,Energy,"Oil, Gas & Consumable Fuels",6.22%,+1.1
CRF,Cornerstone Total Return Fund Inc,$814.3M,,,14.13%,+1.0
CRT,Cross Timbers Royalty Trust,$72.3M,Energy,"Oil, Gas & Consumable Fuels",7.46%,+1.1
CRWS,"Crown Crafts, Inc.",$71.9M,Consumer Discretionary,"Textiles, Apparel & Luxury Goods",4.47%,+1.0
CSQ,Calamos Strategic Total Return Fund,$2.9B,,,6.55%,+1.3
CSR-C,Centerspace,--,Real Estate,Equity Real Estate Investment Trusts (REITs),6.29%,--
CSSEP,Chicken Soup for The Soul Entertainment Inc,--,Communication Services,Entertainment,8.72%,--
CSWC,Capital Southwest Corporation,$610.5M,Financials,Capital Markets,6.36%,+1.2
CTA-A,E I Du Pont De Nemours and Co,--,,,3.67%,--
CTA-B,E I Du Pont De Nemours and Co,--,,,3.91%,--
CTBI,"Community Trust Bancorp, Inc.",$723.5M,Financials,Banks,3.95%,+0.9
CTO,CTO Realty Growth Inc,$322.4M,Real Estate,Equity Real Estate Investment Trusts (REITs),7.34%,+0.8
CTO-A,CTO Realty Growth Inc,--,Real Estate,Equity Real Estate Investment Trusts (REITs),5.78%,--
CTRE,Caretrust REIT Inc,$2.1B,Real Estate,Equity Real Estate Investment Trusts (REITs),4.81%,+1.1
CTT,Catchmark Timber Trust Inc,$565.8M,Real Estate,Equity Real Estate Investment Trusts (REITs),4.70%,+1.4
CUBI-C,Customers Bancorp Inc,--,Financials,Banks,5.54%,--
CUBI-D,Customers Bancorp Inc,--,Financials,Banks,5.33%,--
CUBI-E,Customers Bancorp Inc,--,Financials,Banks,5.34%,--
CUBI-F,Customers Bancorp Inc,--,Financials,Banks,5.98%,--
CULP,"Culp, Inc.",$157.0M,Consumer Discretionary,"Textiles, Apparel & Luxury Goods",3.30%,+1.2
CUZ,Cousins Properties Inc,$5.6B,Real Estate,Equity Real Estate Investment Trusts (REITs),3.28%,+1.0
CVBF,CVB Financial Corp.,$2.6B,Financials,Banks,3.67%,+0.5
CVR,CHICAGO RIVET & MACHINE CO,$25.8M,Industrials,Machinery,3.33%,+0.1
CVX,Chevron Corporation,$186.6B,Energy,"Oil, Gas & Consumable Fuels",5.58%,+1.3
CWEN,CLEARWAY ENERGY INC,$3.9B,Utilities,Independent Power & Renewable Electricity Producers,4.22%,+0.7
CWEN.A,Clearway Energy Inc,$2.3B,Utilities,Independent Power & Renewable Electricity Producers,4.46%,+0.7
CXE,MFS High Income Municipal Trust,$167.4M,,,4.41%,+0.3
CXH,MFS Investment Grade Municipal Trust,$93.0M,,,4.29%,+0.2
CXP,Columbia Property Trust Inc,$2.2B,Real Estate,Equity Real Estate Investment Trusts (REITs),4.42%,+1.3
CYD,China Yuchai International Limited,$575.3M,Industrials,Machinery,12.13%,+1.3
CZNC,Citizens & Northern Corporation,$385.0M,Financials,Banks,4.53%,+0.4
D,Dominion Energy Inc,$62.9B,Utilities,Multi-Utilities,3.21%,+0.4
DALN,Dallasnews Corp,$37.0M,Communication Services,Media,8.91%,+0.7
DBRG-H,Digitalbridge Group Inc,--,Real Estate,Equity Real Estate Investment Trusts (REITs),6.98%,--
DBRG-I,Digitalbridge Group Inc,--,Real Estate,Equity Real Estate Investment Trusts (REITs),6.96%,--
DBRG-J,Digitalbridge Group Inc,--,Real Estate,Equity Real Estate Investment Trusts (REITs),6.93%,--
DCP,DCP Midstream LP,$5.8B,Energy,"Oil, Gas & Consumable Fuels",5.61%,+3.5
DCP-B,DCP Midstream LP,--,Energy,"Oil, Gas & Consumable Fuels",7.93%,--
DCP-C,DCP Midstream LP,--,Energy,"Oil, Gas & Consumable Fuels",7.95%,--
DDF,Delaware Invtmnts Dvdnd n Incme Fund Inc,$84.7M,,,6.75%,+1.4
DDT,Dillard's Capital Trust I,--,,,7.05%,--
DEA,Easterly Government Properties Inc,$1.9B,Real Estate,Equity Real Estate Investment Trusts (REITs),5.05%,+0.4
DEI,"Douglas Emmett, Inc.",$5.7B,Real Estate,Equity Real Estate Investment Trusts (REITs),3.40%,+0.8
DFP,Flaherty & Crumrine Dynmc Prf&Inm Fd Inc,$563.6M,,,6.67%,+0.8
DGICA,Donegal Group Inc.,$385.5M,Financials,Insurance,4.29%,+0.0
DHF,BNY Mellon High Yield Strategies Fund,$241.2M,,,7.79%,+0.8
DHY,CREDIT SUISSE HI YIELD BD FD,$263.4M,,,7.29%,+0.7
DIAX,Nuveen Dow 30SM Dynamic Overwrite Fund,$635.9M,,,6.25%,+1.1
DKL,Delek Logistics Partners LP,$1.9B,Energy,"Oil, Gas & Consumable Fuels",8.60%,+3.0
DLNG-B,Dynagas LNG Partners LP,--,Energy,"Oil, Gas & Consumable Fuels",8.77%,--
DLR-J,Digital Realty Trust Inc,--,Real Estate,Equity Real Estate Investment Trusts (REITs),4.96%,--
DLR-K,Digital Realty Trust Inc,--,Real Estate,Equity Real Estate Investment Trusts (REITs),5.26%,--
DLR-L,Digital Realty Trust Inc,--,Real Estate,Equity Real Estate Investment Trusts (REITs),4.73%,--
DLX,Deluxe Corporation,$1.6B,Industrials,Commercial Services & Supplies,3.15%,+1.7
DLY,DoubleLine Yield Opportunities Fund,$953.7M,,,7.05%,--
DMB,BNY Mellon Municipal Bond InfrstrcFndInc,$287.8M,,,4.06%,+0.4
DMF,BNY MELLON MUNICIPAL INCOME,$201.3M,,,4.40%,+0.2
DMLP,Dorchester Minerals LP,$612.9M,Energy,"Oil, Gas & Consumable Fuels",7.92%,+1.4
DMO,Western Asset Mortgage Opportnty Fnd Inc,$175.8M,,,8.58%,+0.7
DNP,DNP Select Income Fund Inc.,$3.7B,,,7.21%,+0.6
DOC,Physicians Realty Trust,$4.0B,Real Estate,Equity Real Estate Investment Trusts (REITs),4.98%,+0.8
DOW,Dow Inc,$45.4B,Materials,Chemicals,4.64%,--
DPG,Duff n Phelps Utlty n Infrstrctr Fnd Inc,$562.5M,,,9.56%,+1.3
DRD,DRDGOLD Ltd. (ADR),$785.8M,Materials,Metals & Mining,6.57%,+1.2
DRH-A,Diamondrock Hospitality Co,--,Real Estate,Equity Real Estate Investment Trusts (REITs),7.31%,--
DS-B,Drive Shack Inc,--,Consumer Discretionary,"Hotels, Restaurants & Leisure",9.37%,--
DS-C,Drive Shack Inc,--,Consumer Discretionary,"Hotels, Restaurants & Leisure",7.87%,--
DS-D,Drive Shack Inc,--,Consumer Discretionary,"Hotels, Restaurants & Leisure",8.13%,--
DSL,DoubleLine Income Solutions Fund,$1.8B,,,7.34%,+0.8
DSM,BNY Mellon Strategic Municipal BndFndInc,$412.2M,,,4.31%,+0.3
DSU,"BlackRock Debt Strategies Fund, Inc.",$539.8M,,,6.27%,+0.8
DSWL,"Deswell Industries, Inc.",$67.6M,Information Technology,"Electronic Equipment, Instruments & Components",4.71%,+0.4
DSX-B,Diana Shipping Inc,--,Industrials,Marine,8.49%,--
DTF,DTF Tax Free Income Inc.,$104.8M,,,3.22%,+0.3
DTM,DT Midstream Inc,$4.6B,Energy,"Oil, Gas & Consumable Fuels",5.18%,--
DUK,Duke Energy Corp,$79.7B,Utilities,Electric Utilities,3.77%,+0.3
DX,Dynex Capital Inc,$750.0M,Financials,Mortgage Real Estate Investment Trusts (REITs),8.89%,+1.3
DX-C,Dynex Capital Inc,--,Financials,Mortgage Real Estate Investment Trusts (REITs),6.61%,--
E,Eni SpA (ADR),$44.6B,Energy,"Oil, Gas & Consumable Fuels",3.46%,+1.1
EARN,Ellington Residential Mortgage REIT,$145.7M,Financials,Mortgage Real Estate Investment Trusts (REITs),10.08%,+2.0
EBF,"Ennis, Inc.",$491.5M,Industrials,Commercial Services & Supplies,5.30%,+0.5
ECCB,Eagle Point Credit Company Inc,--,,,7.63%,--
ECCC,Eagle Point Credit Company Inc,--,,,6.30%,--
ECF,Ellsworth Growth and Income Fund Ltd,$196.2M,,,3.58%,+1.0
ECF-A,Ellsworth Growth and Income Fund Ltd,--,,,5.02%,--
ED,"Consolidated Edison, Inc.",$26.5B,Utilities,Multi-Utilities,4.06%,+0.2
EDD,Mrgn Stnly Emrgng Mrkts Dmtc Dbt Fnd Inc,$417.0M,,,6.42%,+0.7
EDF,Stone Harbor Emerging Markets Income Fnd,$140.4M,,,10.02%,+1.0
EDUC,Educational Development Corporation,$91.7M,Consumer Discretionary,Distributors,3.72%,+1.1
EFC,Ellington Financial Inc,$926.3M,Financials,Mortgage Real Estate Investment Trusts (REITs),9.75%,+2.2
EFC-A,Ellington Financial Inc,--,Financials,Mortgage Real Estate Investment Trusts (REITs),6.37%,--
EFR,Eaton Vance Senior Floating-Rate Trust,$408.3M,,,5.86%,+0.6
EFT,Eaton Vance Floating-Rate Income Trust,$617.5M,,,5.29%,+0.6
EGF,BlackRock Enhanced Government Fund Inc,$54.0M,,,3.87%,+0.1
EHI,Western Asset Global High Income Fnd Inc,$236.7M,,,7.74%,+0.7
EIC,Eagle Point Income Company Inc,$104.8M,,,8.39%,--
EIM,EATON VANCE MUN BOND FD,$996.5M,,,4.30%,+0.1
EIX,Edison International,$22.2B,Utilities,Electric Utilities,4.52%,+0.6
ELC,Entergy Louisiana LLC,--,,,4.82%,--
EMCF,Emclaire Financial Corp,$71.7M,Financials,Banks,4.56%,+0.5
EMD,Western Asset Emerging Mrkts Dbt Fnd Inc,$851.4M,,,7.67%,+0.8
EMO,Clearbridge Energy MidstreamOprtntyFdInc,$283.8M,,,7.11%,+3.2
ENBL,Enable Midstream Partners LP,$3.4B,Energy,"Oil, Gas & Consumable Fuels",8.36%,+2.5
ENIA,Enel Americas SA (ADR),$13.7B,Utilities,Electric Utilities,3.21%,+1.1
ENIC,Enel Chile SA - ADR,$3.3B,Utilities,Electric Utilities,17.41%,+0.9
ENLC,EnLink Midstream LLC,$3.0B,Energy,"Oil, Gas & Consumable Fuels",6.40%,+3.4
ENO,Entergy New Orleans LLC,--,,,5.39%,--
ENR,Energizer Holdings Inc,$2.7B,Consumer Staples,Household Products,3.10%,+1.2
ENR-A,Energizer Holdings Inc,--,Consumer Staples,Household Products,8.74%,--
ENX,Eaton Vance New York Municipal Bond Fund,$223.6M,,,3.67%,+0.1
EOD,Wells Fargo Global Dividend Oppty Fund,$257.7M,,,8.72%,+1.0
EOI,Eaton Vance Enhanced Equity Income Fund,$759.3M,,,6.83%,+1.0
EOS,Eaton Vance Enhanced Equity Incm. Fd. II,$1.2B,,,6.69%,+1.1
EOT,Eaton Vance National Municipl Opprtnt Tr,$342.6M,,,3.37%,+0.3
EP-C,El Paso Energy Capital Trust I,--,,,4.73%,--
EPD,Enterprise Products Partners L.P.,$48.5B,Energy,"Oil, Gas & Consumable Fuels",8.10%,+1.4
EPM,EVOLUTION PETROLEUM CORP,$155.5M,Energy,"Oil, Gas & Consumable Fuels",4.36%,+1.6
EPR,EPR Properties,$3.6B,Real Estate,Equity Real Estate Investment Trusts (REITs),6.10%,+1.9
EPR-C,EPR Properties,--,Real Estate,Equity Real Estate Investment Trusts (REITs),5.56%,--
EPR-E,EPR Properties,--,Real Estate,Equity Real Estate Investment Trusts (REITs),6.08%,--
EPR-G,EPR Properties,--,Real Estate,Equity Real Estate Investment Trusts (REITs),5.45%,--
EPRT,Essential Properties Realty Trust Inc,$3.7B,Real Estate,Equity Real Estate Investment Trusts (REITs),3.15%,--
EQC-D,Equity Commonwealth,--,Real Estate,Equity Real Estate Investment Trusts (REITs),5.13%,--
ERC,Wells Fargo Multi-Sector Income Fund,$385.7M,,,8.36%,+0.7
ERH,Wells Fargo Utilities and High Incm Fund,$139.1M,,,5.87%,+0.8
ESBK,Elmira Savings Bank,$48.4M,Financials,Thrifts & Mortgage Finance,4.47%,+0.7
ET,Energy Transfer LP,$25.3B,Energy,"Oil, Gas & Consumable Fuels",6.55%,+2.5
ET-C,Energy Transfer LP,--,Energy,"Oil, Gas & Consumable Fuels",7.35%,--
ET-D,Energy Transfer LP,--,Energy,"Oil, Gas & Consumable Fuels",7.50%,--
ET-E,Energy Transfer LP,--,Energy,"Oil, Gas & Consumable Fuels",7.51%,--
ETB,Eaton Vance Tax-Managed Buy-Write Income,$456.2M,,,7.84%,+0.9
ETD,Ethan Allen Interiors Inc.,$608.2M,Consumer Discretionary,Household Durables,4.23%,+1.2
ETG,Eaton Vance Tax-Advantaged Global Dvd.,$1.7B,,,6.99%,+1.4
ETI-,Entergy Texas Inc,--,Utilities,Electric Utilities,5.02%,--
ETJ,Eaton Vance Risk-Mngd Dvrsfd Eqty Inc Fd,$705.0M,,,8.33%,+0.7
ETO,Eaton Vance Tax-Advantaged Global Divide,$527.5M,,,6.45%,+1.4
ETR,Entergy Corporation,$22.6B,Utilities,Electric Utilities,3.36%,+0.6
ETRN,Equitrans Midstream Corp,$3.9B,Energy,"Oil, Gas & Consumable Fuels",6.59%,--
ETV,Eaton Vance Tax-Mngd Buy-Wrt Opport Fund,$1.6B,,,8.05%,+0.9
ETW,Eaton Vance Tax-Managed Global Buy-Write,$1.2B,,,7.84%,+1.0
ETX,Eaton Vance Municipal Income2028Trm Trst,$243.1M,,,3.79%,+0.3
EVA,Enviva Partners LP,$2.4B,Energy,"Oil, Gas & Consumable Fuels",6.09%,+1.0
EVBN,EVANS BANCORP INC,$207.7M,Financials,Banks,3.11%,+1.3
EVF,Eaton Vance Senior Income Trust,$119.9M,,,5.61%,+0.7
EVM,EATON VANCE CA MUN BOND FD,$297.9M,,,4.21%,+0.3
EVN,Eaton Vance Municipal Income Trust,$557.7M,,,4.05%,+0.1
EVRG,Evergy Inc,$15.4B,Utilities,Electric Utilities,3.14%,+0.4
EVT,Eaton V.Tax-Advantaged Dividend Inc Fund,$2.1B,,,6.89%,+1.4
EVV,EATON VANCE LTD DUR INCM FD,$1.6B,,,8.94%,+0.5
EXC,Exelon Corporation,$49.2B,Utilities,Electric Utilities,3.05%,+0.4
EXD,Eaton Vance Tax-Managed BuyWrt StrtgyFnd,$115.1M,,,7.19%,+0.9
EXG,Eaton Vance Tax-Managed Global Dive Eq,$3.2B,,,7.76%,+1.1
FAF,First American Financial Corp,$7.5B,Financials,Insurance,3.03%,+1.2
FAM,First Trust/Aberdeen Glbl Opnty Incm Fnd,$435.6M,,,9.43%,+0.6
FANH,Fanhua Inc (ADR),$712.8M,Financials,Insurance,6.03%,+0.5
FAT,FAT Brands Inc,$170.2M,Consumer Discretionary,"Hotels, Restaurants & Leisure",4.55%,+2.3
FCBC,First Community Bankshares Inc,$522.4M,Financials,Banks,3.58%,+0.6
FCF,First Commonwealth Financial Corp,$1.2B,Financials,Banks,3.56%,+1.1
FCO,Aberdeen Global Income Fund Inc,$75.9M,,,9.60%,+0.9
FCPT,Four Corners Property Trust Inc,$2.1B,Real Estate,Equity Real Estate Investment Trusts (REITs),4.66%,+0.9
FCRD,First Eagle Alternative Capital BDC Inc,$138.6M,Financials,Capital Markets,8.77%,+1.8
FCT,First Trust Senior Fltng Rate Incm Fd II,$325.3M,,,8.59%,+0.7
FDEU,First Trust Dynamic Europe Eqty Incm Fd,$232.5M,,,5.39%,+1.4
FDUS,Fidus Investment Corp,$450.1M,Financials,Capital Markets,7.00%,+2.0
FE,FirstEnergy Corp.,$20.6B,Utilities,Electric Utilities,4.07%,+0.2
FEI,First Trust MLP and Energy Income Fund,$326.1M,,,8.29%,+1.9
FEN,FIRST TRUST ENERGY INCM & GR,$264.3M,,,8.80%,+1.7
FEO,First Trust/aberdeen Emerging Oppo,$75.0M,,,9.35%,+1.0
FF,FutureFuel Corp.,$340.9M,Materials,Chemicals,3.06%,+0.9
FFA,First Trust Enhanced Equity Income Fund,$428.6M,,,5.89%,+1.1
FFBC,First Financial Bancorp,$2.2B,Financials,Banks,4.04%,+1.2
FFC,Flaherty&Crmrn Prfrd & Incm Scts  Fd Inc,$1.0B,,,6.62%,+0.7
FFIC,Flushing Financial Corporation,$693.3M,Financials,Banks,3.77%,+0.9
FGB,First Trust Spclty Fin & Fncl Opptnts Fd,$58.5M,,,8.13%,+2.2
FGBI,"First Guaranty Bancshares, Inc.",$187.0M,Financials,Banks,3.33%,+0.5
FGFPP,FG Financial Group Inc,--,Financials,Insurance,7.94%,--
FHB,First Hawaiian Inc,$3.5B,Financials,Banks,3.90%,+1.3
FHI,Federated Hermes Inc,$3.1B,Financials,Capital Markets,3.38%,+1.1
FHN,First Horizon Corp,$8.4B,Financials,Banks,3.89%,+1.5
FIBK,First Interstate Bancsystem Inc,$2.6B,Financials,Banks,3.92%,+1.1
FISI,"Financial Institutions, Inc.",$467.5M,Financials,Banks,3.59%,+1.2
FLC,Flaherty & Crumrine Total Return Fd Inc,$241.1M,,,6.55%,+0.7
FLIC,First of Long Island Corp,$470.8M,Financials,Banks,3.81%,+0.6
FLMN,Falcon Minerals Corp,$384.5M,Energy,"Oil, Gas & Consumable Fuels",13.54%,+1.8
FLO,"Flowers Foods, Inc.",$5.0B,Consumer Staples,Food Products,3.58%,+0.3
FMBI,First Midwest Bancorp Inc,$2.1B,Financials,Banks,3.08%,+1.3
FMN,Federated Hermes Premier MunicplIncmFnd,$178.8M,,,4.18%,+0.3
FMO,Fiduciary/Claymore Energy Infrstrctr Fnd,$74.2M,,,9.31%,+2.3
FNB,FNB Corp,$3.5B,Financials,Banks,4.29%,+1.4
FNCB,FNCB Bancorp Inc,$157.9M,Financials,Banks,3.80%,+0.4
FNF,Fidelity National Financial Inc,$13.4B,Financials,Insurance,3.41%,+1.4
FNLC,First Bancorp Inc,$309.4M,Financials,Banks,4.48%,+0.6
FOF,"Cohen & Steers Clsd-End Optuny Fnd, Inc.",$402.7M,,,7.11%,+1.0
FPF,First Trust Intrmdt Drtn Prfrd & Incm Fd,$1.6B,,,5.92%,+0.8
FPI-B,Farmland Partners Inc,--,Real Estate,Equity Real Estate Investment Trusts (REITs),5.60%,--
FPL,First Trust New Opprtnts MLP & Engy Fd,$140.9M,,,7.91%,+1.8
FRA,BlackRock Floating Rate Income SFI,$472.3M,,,5.96%,+0.7
FRAF,Franklin Financial Services Corp,$137.9M,Financials,Banks,4.10%,+0.8
FRG,Franchise Group Inc,$1.4B,Consumer Discretionary,Multiline Retail,4.22%,+1.9
FRGAP,Franchise Group Inc,--,Consumer Discretionary,Multiline Retail,6.91%,--
FRT,Federal Realty Investment Trust,$9.3B,Real Estate,Equity Real Estate Investment Trusts (REITs),3.56%,+1.2
FSD,First Trust High Income Long/short Fund,$535.7M,,,8.25%,+0.7
FSK,FS KKR Capital Corp,$6.7B,Financials,Capital Markets,11.18%,+1.7
FSP,FRANKLIN STR PPTYS CORP COM,$483.8M,Real Estate,Equity Real Estate Investment Trusts (REITs),7.96%,+1.0
FT,Franklin Universal Trust,$215.7M,,,5.92%,+0.6
FTAI,Fortress Transprtn and Infr Investrs LLC,$2.2B,Industrials,Trading Companies & Distributors,5.05%,+1.9
FTAI-A,Fortress Transportation and Infrastructure Investo,--,Industrials,Trading Companies & Distributors,7.86%,--
FTAI-B,Fortress Transportation and Infrastructure Investo,--,Industrials,Trading Companies & Distributors,7.69%,--
FTAI-C,Fortress Transportation and Infrastructure Investo,--,Industrials,Trading Companies & Distributors,7.62%,--
FTF,FRANKLIN LTD DUR INCOME TR,$283.0M,,,9.93%,+0.5
FTHY,First Trust High Yld Oprtnts 2027 Tr Fn,$755.1M,,,8.76%,--
FULT,Fulton Financial Corp,$2.5B,Financials,Banks,3.64%,+0.9
FUNC,First United Corp,$120.6M,Financials,Banks,3.35%,+1.1
FUND,Sprott Focus Trust Inc,$242.5M,,,5.28%,+1.2
GAB-G,Gabelli Equity Trust Inc,--,,,4.83%,--
GAB-H,Gabelli Equity Trust Inc,--,,,4.87%,--
GAB-J,Gabelli Equity Trust Inc,--,,,5.18%,--
GAB-K,Gabelli Equity Trust Inc,--,,,4.70%,--
GAIN,Gladstone Investment Corporation,$482.0M,Financials,Capital Markets,5.78%,+1.5
GAM-B,General American Investors Co Inc,--,,,5.55%,--
GBAB,Guggenhm Txble Mcpl Bnd & Invt Gd Dt Trt,$519.9M,,,6.00%,+0.2
GBDC,Golub Capital BDC Inc,$2.6B,Financials,Capital Markets,7.56%,+0.7
GBLI,Global Indemnity Group LLC,$384.7M,Financials,Insurance,3.77%,+0.4
GCMG,GCM Grosvenor Inc,$2.2B,Financials,Capital Markets,3.13%,--
GCV,Gabelli Convertbl and Incm Scrts Fnd Inc,$124.8M,,,7.24%,+1.0
GDL,GDL Fund,$126.4M,,,5.31%,+0.4
GDL-C,GDL Fund,--,,,3.87%,--
GDO,Western Asset Global Corp Defind Opp Fnd,$275.8M,,,6.54%,+0.7
GDV,The Gabelli Dividend & Income Trust,$2.4B,,,4.92%,+1.3
GDV-G,Gabelli Dividend & Income Trust,--,,,5.08%,--
GDV-H,Gabelli Dividend & Income Trust,--,,,4.92%,--
GECC,Great Elm Capital Corp,$84.6M,Financials,Capital Markets,10.99%,+2.1
GEF.B,GREIF INC  -CL A,$1.4B,Materials,Containers & Packaging,4.34%,+1.1
GEL,"Genesis Energy, L.P.",$987.7M,Energy,"Oil, Gas & Consumable Fuels",7.51%,+2.7
GER,Goldman Sachs MLP and Energy Renassnc Fd,$176.1M,,,6.11%,+2.5
GFI,Gold Fields Limited (ADR),$7.4B,Materials,Metals & Mining,4.05%,+0.7
GGB,Gerdau SA (ADR),$5.9B,,,4.87%,+1.6
GGN,GAMCO GLOBAL GOLD NTRL RES,$594.6M,,,9.30%,+1.2
GGN-B,GAMCO Global Gold Natural Resources & Income Trust,--,,,4.88%,--
GGO-A,Gabelli Go Anywhere Trust,--,,,4.95%,--
GGT,Gabelli Multimedia Trust Inc,$240.6M,,,9.24%,+1.5
GGT-E,Gabelli Multimedia Trust Inc,--,,,4.94%,--
GGT-G,Gabelli Multimedia Trust Inc,--,,,4.82%,--
GGZ,Gabelli Global Small Md Cp Vl Trst,$146.5M,,,3.90%,+1.4
GGZ-A,Gabelli Global Small and Mid Cap Value Trust,--,,,5.21%,--
GHM,Graham Corporation,$132.7M,Industrials,Machinery,3.55%,+0.8
GHY,PGIM Global High Yield Fund Inc,$656.4M,,,7.86%,+0.8
GILD,"Gilead Sciences, Inc.",$89.2B,Health Care,Biotechnology,4.02%,+0.4
GILT,Gilat Satellite Networks Ltd.,$535.2M,Information Technology,Communications Equipment,10.38%,+0.3
GIM,Templeton Global Income Fund,$737.8M,,,5.75%,+0.3
GIS,"General Mills, Inc.",$35.4B,Consumer Staples,Food Products,3.49%,+0.5
GJH,Strats Trust US Cellular,--,,,5.92%,--
GJP,STRATS SM Trust for Dominion Resources Inc Securit,--,,,3.03%,--
GLAD,Gladstone Capital Corporation,$386.5M,Financials,Capital Markets,6.87%,+1.4
GLBZ,Glen Burnie Bancorp,$34.8M,Financials,Banks,3.28%,+1.0
GLO,CLOUGH GLOBAL OPPORTUNTS FND,$414.6M,,,10.19%,+1.2
GLOG-A,GasLog Ltd,--,,,8.58%,--
GLOP-A,GasLog Partners LP,--,Energy,"Oil, Gas & Consumable Fuels",8.34%,--
GLOP-B,GasLog Partners LP,--,Energy,"Oil, Gas & Consumable Fuels",8.20%,--
GLOP-C,GasLog Partners LP,--,Energy,"Oil, Gas & Consumable Fuels",8.48%,--
GLP,Global Partners LP,$689.4M,Energy,"Oil, Gas & Consumable Fuels",11.44%,+1.4
GLP-A,Global Partners LP,--,Energy,"Oil, Gas & Consumable Fuels",9.32%,--
GLP-B,Global Partners LP,--,Energy,"Oil, Gas & Consumable Fuels",8.81%,--
GLPI,Gaming and Leisure Properties Inc,$11.3B,Real Estate,Equity Real Estate Investment Trusts (REITs),5.52%,+1.0
GLQ,CLOUGH GLOBAL EQUITY FUND,$204.0M,,,10.46%,+1.2
GLT,Glatfelter Corp,$679.0M,Materials,Paper & Forest Products,3.65%,+1.4
GLU,GABELLI GLOBAL UTIL &INCM TR,$110.9M,,,5.77%,+1.0
GLU-A,Gabelli Global Utility & Income Trust,--,,,4.10%,--
GLU-B,Gabelli Global Utility & Income Trust,--,,,3.89%,--
GLV,CLOUGH GBL DIV & INCOME FD,$98.1M,,,9.94%,+0.9
GMRE,Global Medical REIT Inc,$995.1M,Real Estate,Equity Real Estate Investment Trusts (REITs),5.24%,+0.8
GMRE-A,Global Medical REIT Inc,--,Real Estate,Equity Real Estate Investment Trusts (REITs),7.09%,--
GNE-A,Genie Energy Ltd,--,Utilities,Electric Utilities,7.18%,--
GNL,Global Net Lease Inc,$1.7B,Real Estate,Equity Real Estate Investment Trusts (REITs),9.53%,+1.1
GNL-A,Global Net Lease Inc,--,Real Estate,Equity Real Estate Investment Trusts (REITs),6.87%,--
GNL-B,Global Net Lease Inc,--,Real Estate,Equity Real Estate Investment Trusts (REITs),6.13%,--
GNT-A,Gamco Natural Resources Gold & Income Trust,--,,,5.01%,--
GOF,Guggenheim Strategic Opportunities Fund,$1.1B,,,10.16%,+0.5
GOGL,Golden Ocean Group Ltd,$2.3B,Industrials,Marine,17.75%,+1.8
GOOD,Gladstone Commercial Corporation,$811.4M,Real Estate,Equity Real Estate Investment Trusts (REITs),6.72%,+1.0
GPM,Guggenheim Enhanced Equity Income Fund,$464.1M,,,5.01%,+1.5
GPMT,Granite Point Mortgage Trust Inc,$727.1M,Financials,Mortgage Real Estate Investment Trusts (REITs),7.42%,+1.6
GPP,Green Plains Partners LP,$305.4M,Energy,"Oil, Gas & Consumable Fuels",3.63%,+0.7
GRX,Gabelli Healthcare & WellnessRx Trust,$238.8M,,,4.30%,+1.1
GSBD,Goldman Sachs BDC Inc,$2.0B,Financials,Capital Markets,9.40%,+1.5
GSK,GlaxoSmithKline plc (ADR),$99.9B,Health Care,Pharmaceuticals,5.55%,+0.7
GSL,Global Ship Lease Inc,$862.8M,Industrials,Marine,4.24%,+2.1
GTY,Getty Realty Corp.,$1.4B,Real Estate,Equity Real Estate Investment Trusts (REITs),5.04%,+0.8
GUT,Gabelli Utility Trust,$522.6M,,,7.38%,+0.7
GUT-A,Gabelli Utility Trust,--,,,5.29%,--
GUT-C,Gabelli Utility Trust,--,,,5.08%,--
HBAN,Huntington Bancshares Incorporated,$22.8B,Financials,Banks,3.91%,+1.4
HBI,Hanesbrands Inc.,$6.6B,Consumer Discretionary,"Textiles, Apparel & Luxury Goods",3.19%,+1.5
HBT,HBT Financial Inc,$418.3M,Financials,Banks,3.95%,--
HCSG,"Healthcare Services Group, Inc.",$2.0B,Industrials,Commercial Services & Supplies,3.13%,+0.4
HE,"Hawaiian Electric Industries, Inc.",$4.6B,Utilities,Electric Utilities,3.18%,+0.2
HEES,"H&E Equipment Services, Inc.",$1.2B,Industrials,Trading Companies & Distributors,3.34%,+2.2
HEP,"Holly Energy Partners, L.P.",$2.0B,Energy,"Oil, Gas & Consumable Fuels",7.45%,+1.1
HESM,Hess Midstream LP,$7.7B,Energy,"Oil, Gas & Consumable Fuels",7.59%,+2.2
HFRO,Highland Income Fund,$785.5M,,,8.35%,+0.8
HFRO-A,Highland Income Fund,--,,,5.21%,--
HFWA,Heritage Financial Corp,$868.7M,Financials,Banks,3.28%,+0.8
HIHO,Highway Holdings Limited,$16.0M,Industrials,Machinery,3.53%,+0.3
HIO,Western Asst High Incm Opprtnty Fnd Inc.,$508.5M,,,6.73%,+0.6
HIW,Highwoods Properties Inc,$4.6B,Real Estate,Equity Real Estate Investment Trusts (REITs),4.46%,+1.1
HIX,Western Asset High Income Fund II Inc.,$620.6M,,,7.98%,+0.8
HL-B,Hecla Mining Co,--,Materials,Metals & Mining,6.23%,--
HLM-,Hillman Group Capital Trust,--,,,11.57%,--
HMLP-A,Hoegh LNG Partners LP,--,Energy,Energy Equipment & Services,11.01%,--
HMN,Horace Mann Educators Corporation,$1.7B,Financials,Insurance,3.07%,+0.6
HMPT,Home Point Capital Inc,$569.8M,Financials,Thrifts & Mortgage Finance,14.53%,--
HMY,Harmony Gold Mining Co. (ADR),$1.9B,Materials,Metals & Mining,3.03%,+1.0
HNI,HNI Corp,$1.6B,Industrials,Commercial Services & Supplies,3.43%,+1.0
HNNA,Hennessy Advisors Inc,$73.7M,Financials,Capital Markets,5.49%,+1.1
HNP,Huaneng Power International Inc (ADR),$2.5B,Utilities,Independent Power & Renewable Electricity Producers,5.02%,+0.7
HNW,PIONEER DIVERSIFIED HGH INCM,$132.6M,,,8.38%,+0.8
HOPE,Hope Bancorp Inc,$1.6B,Financials,Banks,4.15%,+1.7
HP,"Helmerich & Payne, Inc.",$2.9B,Energy,Energy Equipment & Services,3.70%,+2.3
HPE,Hewlett Packard Enterprise Co,$18.9B,Information Technology,"Technology Hardware, Storage & Peripherals",3.27%,+1.2
HPF,John Hancock Pref. Income Fund II,$468.1M,,,6.70%,+0.9
HPI,John Hancock Preferred Income Fund,$562.2M,,,6.85%,+0.9
HPP,Hudson Pacific Properties Inc,$4.0B,Real Estate,Equity Real Estate Investment Trusts (REITs),3.71%,+0.9
HPS,John Hancock Preferred Income Fund III,$599.4M,,,6.91%,+0.9
HQH,Tekla Healthcare Investors,$1.2B,,,7.47%,+1.0
HQL,Tekla Life Sciences Investors,$539.2M,,,7.76%,+0.9
HR,Healthcare Realty Trust Inc,$4.4B,Real Estate,Equity Real Estate Investment Trusts (REITs),4.01%,+0.6
HRB,H & R Block Inc,$4.4B,Consumer Discretionary,Diversified Consumer Services,4.28%,+0.9
HRTG,Heritage Insurance Holdings Inc,$186.0M,Financials,Insurance,3.59%,+0.7
HRZN,Horizon Technology Finance Corp,$338.2M,Financials,Capital Markets,7.10%,+1.1
HSBC,HSBC Holdings plc (ADR),$106.4B,Financials,Banks,4.23%,+0.6
HT-C,Hersha Hospitality Trust,--,Real Estate,Equity Real Estate Investment Trusts (REITs),6.85%,--
HT-D,Hersha Hospitality Trust,--,Real Estate,Equity Real Estate Investment Trusts (REITs),6.59%,--
HT-E,Hersha Hospitality Trust,--,Real Estate,Equity Real Estate Investment Trusts (REITs),6.53%,--
HTA,Healthcare Trust Of America Inc,$6.6B,Real Estate,Equity Real Estate Investment Trusts (REITs),4.28%,+0.6
HTBK,Heritage Commerce Corp.,$653.2M,Financials,Banks,4.74%,+1.2
HTD,John Hancock Tax-Advantage Dvd Incom Fd.,$863.2M,,,6.71%,+1.0
HTGC,Hercules Capital Inc,$1.9B,Financials,Capital Markets,7.62%,+1.5
HTIA,Healthcare Trust Inc,--,Real Estate,Equity Real Estate Investment Trusts (REITs),7.09%,--
HTY,John Hancock Tax-Advntgd Glbl SH Yld Fd,$75.0M,,,9.18%,+0.9
HWM-,Howmet Aerospace Inc,--,Industrials,Aerospace & Defense,4.74%,--
HYB,New America High Income Fund Inc.,$225.7M,,,6.24%,+0.7
HYI,Western Asset High Yield Dfnd Opp FI,$361.6M,,,7.14%,+0.7
HYT,Blackrock Corporate High Yield Fund Inc,$1.5B,,,7.44%,+0.8
IAE,Voya Asia Pacific High Divid Eqt Incm Fd,$105.9M,,,9.68%,+0.7
IAF,ABERDEEN AUSTRALIA EQTY FD,$146.9M,,,10.39%,+1.0
IBCP,Independent Bank Corp (Michigan),$437.2M,Financials,Banks,4.11%,+1.1
IBM,International Business Machines Corp.,$123.7B,Information Technology,IT Services,4.76%,+1.2
ICMB,Investcorp Credit Management Bdc Inc,$79.7M,Financials,Capital Markets,10.73%,+2.6
IDE,Voya Infrastructure Industrls & Mtrls Fd,$247.3M,,,6.96%,+1.1
IEP,Icahn Enterprises LP,$13.8B,Industrials,Industrial Conglomerates,15.15%,+0.9
IFN,"The India Fund, Inc.",$633.3M,,,9.02%,+0.8
IFS,Intercorp Financial Services Inc,$2.5B,Financials,Banks,3.61%,--
IGA,Voya Global Advantage and Prem Oppty Fd,$187.4M,,,7.70%,+0.9
IGD,Voya Global Equity Div & Prm Oppty Fund,$586.0M,,,7.79%,+1.0
IGI,Western Asset Invest. Grade Defined Opp,$239.1M,,,3.64%,+0.4
IGIC,International General Insuranc Hldgs Ltd,$447.3M,Financials,Insurance,3.52%,+0.3
IGR,CBRE Clarion Global Real Estate Incm Fd,$1.1B,,,6.54%,+1.1
IIM,Invesco Value Municipal Income Trust,$805.6M,,,4.51%,+0.2
IIPR-A,Innovative Industrial Properties Inc,--,Real Estate,Equity Real Estate Investment Trusts (REITs),6.05%,--
ILPT,Industrial Logistics Properties Trust,$1.7B,Real Estate,Equity Real Estate Investment Trusts (REITs),4.93%,+1.0
IMOS,ChipMOS Technologies Inc - ADR,$1.5B,Information Technology,Semiconductors & Semiconductor Equipment,3.90%,+0.8
INN-E,Summit Hotel Properties Inc,--,Real Estate,Equity Real Estate Investment Trusts (REITs),6.01%,--
INSI,Insight Select Income Fund,$229.7M,,,3.76%,+0.1
IP,International Paper Co,$23.0B,Materials,Containers & Packaging,3.50%,+1.0
IPLDP,Interstate Power and Light Co,$350.4M,Utilities,Electric Utilities,4.91%,+0.1
IQI,Invesco Quality Municipal Income Trust,$724.0M,,,4.44%,+0.2
IRCP,IRSA Propiedades Comerciales SA (ADR),$403.2M,Real Estate,Real Estate Management & Development,29.74%,+1.3
IRM,Iron Mountain Inc,$13.7B,Real Estate,Equity Real Estate Investment Trusts (REITs),5.17%,+0.8
ISBC,Investors Bancorp Inc,$3.5B,Financials,Banks,3.97%,+1.1
ITCB,Itau Corpbanca (ADR),$1.3B,Financials,Banks,11.30%,+1.2
IVH,Delaware Ivy High Income Opportu Fund,$235.6M,,,5.91%,+0.7
IVR,Invesco Mortgage Capital Inc,$882.1M,Financials,Mortgage Real Estate Investment Trusts (REITs),11.76%,+1.4
IVR-B,Invesco Mortgage Capital Inc,--,Financials,Mortgage Real Estate Investment Trusts (REITs),7.56%,--
IVR-C,Invesco Mortgage Capital Inc,--,Financials,Mortgage Real Estate Investment Trusts (REITs),7.33%,--
IX,ORIX Corporation (ADR),$23.7B,Financials,Diversified Financial Services,3.77%,+0.9
JBGS,JBG SMITH Properties,$3.9B,Real Estate,Equity Real Estate Investment Trusts (REITs),3.01%,+0.9
JBK,Goldman Sachs Capital I Securities-Backed Series 2,--,,,4.70%,--
JCE,Nuveen Core Equity Alpha Fund,$279.9M,,,6.96%,+1.1
JDD,Nuveen Diversified Dividend & Income Fd.,$213.7M,,,7.23%,+1.1
JEQ,Aberdeen Japan Equity Fund Inc,$135.7M,,,4.32%,+0.8
JFR,Nuveen Floating Rate Income Fund,$572.6M,,,6.92%,+0.6
JGH,Nuveen Global High Income Fund,$377.7M,,,8.32%,+0.9
JHG,Janus Henderson Group PLC,$7.4B,Financials,Capital Markets,3.60%,+1.4
JHI,John Hancock Investors Trust,$164.9M,,,7.47%,+0.9
JHS,John Hancock Income Securities Trust,$187.6M,,,5.23%,+0.2
JLS,Nuveen Mortgage and Income Fund,$116.6M,,,4.71%,+0.6
JMM,Nuveen Multi-Market Income Fund Inc,$70.3M,,,4.85%,+0.4
JOAN,Joann Inc,$442.7M,Consumer Discretionary,Specialty Retail,3.80%,--
JPC,Nuveen Preferred & Income Oprtnts Fnd,$1.0B,,,6.41%,+0.9
JPI,Nuveen Preferred & Income Term Fund,$578.6M,,,6.17%,+0.8
JPS,Nuveen Preferred & Income Securities Fnd,$2.0B,,,6.05%,+0.8
JQC,Nuveen Credit Strategies Income Fund,$884.2M,,,7.83%,+0.6
JRO,Nuveen Floating Rate Income Opportnty Fd,$403.6M,,,6.93%,+0.6
JRS,Nuveen Real Estate Income Fund,$334.4M,,,6.55%,+1.2
JRVR,James River Group Holdings Ltd,$1.3B,Financials,Insurance,3.44%,+0.5
JTA,Nuveen Tax-Advantaged Ttl Rtrn Strtgy Fd,$162.5M,,,6.57%,+1.4
JTD,Nuveen Tax-Advantaged Dividend Growth Fd,$242.4M,,,7.04%,+1.3
K,Kellogg Company,$21.4B,Consumer Staples,Food Products,3.68%,+0.6
KB,"KB Financial Group, Inc. (ADR)",$17.2B,Financials,Banks,4.97%,+0.9
KBAL,Kimball International Inc,$437.7M,Industrials,Commercial Services & Supplies,3.01%,+0.9
KEN,Kenon Holdings Ltd,$2.3B,Utilities,Independent Power & Renewable Electricity Producers,4.41%,+1.7
KEP,Korea Electric Power Corporation (ADR),$12.9B,Utilities,Electric Utilities,5.46%,+0.9
KEY,KeyCorp,$19.2B,Financials,Banks,3.71%,+1.5
KFFB,Kentucky First Federal Bancorp,$58.9M,Financials,Thrifts & Mortgage Finance,5.59%,+0.5
KHC,Kraft Heinz Co,$44.6B,Consumer Staples,Food Products,4.38%,+1.1
KIM,Kimco Realty Corp,$13.1B,Real Estate,Equity Real Estate Investment Trusts (REITs),3.17%,+1.5
KKR-B,KKR & Co Inc,--,Financials,Capital Markets,6.50%,--
KKR-C,KKR & Co Inc,--,Financials,Capital Markets,3.70%,--
KMB,Kimberly Clark Corp,$46.4B,Consumer Staples,Household Products,3.31%,+0.5
KMF,Kayne Anderson Nextgen Energy&Infra Inc,$342.4M,,,7.69%,+2.1
KMI,Kinder Morgan Inc,$39.2B,Energy,"Oil, Gas & Consumable Fuels",6.76%,+1.1
KNOP,KNOT Offshore Partners LP,$608.1M,Energy,"Oil, Gas & Consumable Fuels",11.51%,+1.4
KO,Coca-Cola Co,$240.7B,Consumer Staples,Beverages,3.01%,+0.6
KOF,Coca-Cola Femsa SAB de CV (ADR),$3.0B,Consumer Staples,Beverages,6.03%,+0.9
KRC,Kilroy Realty Corp,$7.5B,Real Estate,Equity Real Estate Investment Trusts (REITs),3.06%,+0.8
KREF,KKR Real Estate Finance Trust Inc,$1.2B,Financials,Mortgage Real Estate Investment Trusts (REITs),8.12%,+0.8
KREF-A,KKR Real Estate Finance Trust Inc,--,Financials,Mortgage Real Estate Investment Trusts (REITs),6.83%,--
KRG,Kite Realty Group Trust,$1.7B,Real Estate,Equity Real Estate Investment Trusts (REITs),3.53%,+1.5
KRNY,Kearny Financial Corp.,$969.5M,Financials,Thrifts & Mortgage Finance,3.16%,+0.8
KRO,"Kronos Worldwide, Inc.",$1.5B,Materials,Chemicals,5.71%,+1.4
KRP,Kimbell Royalty Partners LP,$515.6M,Energy,"Oil, Gas & Consumable Fuels",8.12%,+2.1
KSM,DWS Strategic Municipal Income Trust,$139.7M,,,4.33%,+0.3
KT,KT Corp (ADR),$6.5B,Communication Services,Diversified Telecommunication Services,4.38%,+0.9
KTB,Kontoor Brands Inc,$3.1B,Consumer Discretionary,"Textiles, Apparel & Luxury Goods",3.05%,--
KTF,DWS Municipal Income Trust,$479.8M,,,4.15%,+0.2
KTH,Structured Products Corp Corts Tr for Peco Energy ,--,,,5.99%,--
KTN,Credit Enhanced Corts Trust For Aon Capital A,--,,,6.35%,--
KW,Kennedy-Wilson Holdings Inc,$3.0B,Real Estate,Real Estate Management & Development,4.06%,+1.2
KYN,Kayne Anderson Energy Infrstctr Fund Inc,$1.0B,,,8.83%,+2.2
LADR,Ladder Capital Corp,$1.4B,Financials,Mortgage Real Estate Investment Trusts (REITs),7.31%,+2.3
LAMR,Lamar Advertising Co,$11.2B,Real Estate,Equity Real Estate Investment Trusts (REITs),3.58%,+1.5
LANDM,Gladstone Land Corp,--,Real Estate,Equity Real Estate Investment Trusts (REITs),4.82%,--
LANDO,Gladstone Land Corp,--,Real Estate,Equity Real Estate Investment Trusts (REITs),5.85%,--
LAZ,Lazard Ltd,$5.4B,Financials,Capital Markets,3.94%,+1.5
LBAI,"Lakeland Bancorp, Inc.",$847.1M,Financials,Banks,3.22%,+1.0
LBC,Luther Burbank Corp,$654.3M,Financials,Thrifts & Mortgage Finance,3.79%,+0.8
LCNB,LCNB Corp.,$212.8M,Financials,Banks,4.47%,+0.9
LDP,Cohen & Steers Ltd DrtnPrfrrd&IncmFndInc,$784.3M,,,6.36%,+0.7
LEG,"Leggett & Platt, Inc.",$6.3B,Consumer Discretionary,Household Durables,3.56%,+1.5
LEO,BNY Mellon Strategic Municipals Inc,$564.2M,,,4.60%,+0.4
LFC,China Life Insurance Co Ltd (ADR),$12.8B,Financials,Insurance,5.74%,+1.0
LFT,Lument Finance Trust Inc,$98.7M,Financials,Mortgage Real Estate Investment Trusts (REITs),9.09%,+1.3
LFT-A,Lument Finance Trust Inc,--,Financials,Mortgage Real Estate Investment Trusts (REITs),5.98%,--
LGI,Lazard Global Total Return & Income Fund,$280.5M,,,6.40%,+1.2
LMRK,Landmark Infrastructure Partners LP,$419.8M,Real Estate,Real Estate Management & Development,4.85%,+1.0
LMRKN,Landmark Infrastructure Partners LP,--,Real Estate,Real Estate Management & Development,6.92%,--
LMRKO,Landmark Infrastructure Partners LP,--,Real Estate,Real Estate Management & Development,7.86%,--
LMRKP,Landmark Infrastructure Partners LP,--,Real Estate,Real Estate Management & Development,7.89%,--
LOAN,Manhattan Bridge Capital Inc.,$72.3M,Financials,Mortgage Real Estate Investment Trusts (REITs),7.95%,+0.7
LSBK,"Lake Shore Bancorp, Inc.",$85.1M,Financials,Thrifts & Mortgage Finance,3.74%,+0.6
LTC,LTC Properties Inc,$1.3B,Real Estate,Equity Real Estate Investment Trusts (REITs),6.69%,+0.9
LUMN,Lumen Technologies Inc,$13.4B,Communication Services,Diversified Telecommunication Services,8.09%,+1.1
LXP,Lexington Realty Trust,$3.8B,Real Estate,Equity Real Estate Investment Trusts (REITs),3.13%,+0.6
LXP-C,Lexington Realty Trust,--,Real Estate,Equity Real Estate Investment Trusts (REITs),5.17%,--
LYB,LyondellBasell Industries NV,$31.3B,Materials,Chemicals,4.94%,+1.5
LYG,Lloyds Banking Group PLC (ADR),$41.2B,Financials,Banks,3.04%,+1.5
MAA-I,Mid-America Apartment Communities Inc,--,Real Estate,Equity Real Estate Investment Trusts (REITs),6.46%,--
MAC,Macerich Co,$3.7B,Real Estate,Equity Real Estate Investment Trusts (REITs),3.48%,+2.1
MAGS,Magal Security Systems Ltd. (USA),$127.9M,Information Technology,"Electronic Equipment, Instruments & Components",19.65%,+1.0
MAIN,Main Street Capital Corporation,$2.8B,Financials,Capital Markets,6.07%,+1.5
MAV,Pioneer Municpl Hgh Incm Advntg Fund Inc,$283.3M,,,4.05%,+0.2
MBT,Mobil'nye Telesistemy PAO (ADR),$7.9B,Communication Services,Wireless Telecommunication Services,10.21%,+1.1
MBWM,Mercantile Bank Corp.,$473.1M,Financials,Banks,4.00%,+1.2
MC,Moelis & Co,$4.1B,Financials,Capital Markets,3.87%,+1.2
MCA,Blackrock Muniyld California Quty Fd Inc,$547.4M,,,4.24%,+0.2
MCBC,Macatawa Bank Corporation,$268.7M,Financials,Banks,4.07%,+0.8
MCN,Madison Covered Call & Equity Strtgy Fd,$174.7M,,,8.73%,+0.9
MCR,MFS Charter Income Trust,$385.3M,,,8.06%,+0.4
MCY,Mercury General Corporation,$3.2B,Financials,Insurance,4.33%,+0.4
MDC,"M.D.C. Holdings, Inc.",$3.6B,Consumer Discretionary,Household Durables,3.15%,+1.4
MDRR,Medalist Diversified REIT Inc,$21.3M,Real Estate,Equity Real Estate Investment Trusts (REITs),5.97%,--
MET,Metlife Inc,$52.5B,Financials,Insurance,3.15%,+1.3
MET-A,Metlife Inc,--,Financials,Insurance,3.95%,--
MFA,"MFA Financial, Inc.",$2.0B,Financials,Mortgage Real Estate Investment Trusts (REITs),8.60%,+1.8
MFA-B,MFA Financial Inc,--,Financials,Mortgage Real Estate Investment Trusts (REITs),7.44%,--
MFA-C,MFA Financial Inc,--,Financials,Mortgage Real Estate Investment Trusts (REITs),6.79%,--
MFD,Macquarie/First Trust Global Infrstrctre,$83.0M,,,8.22%,+1.1
MFG,Mizuho Financial Group Inc. (ADR),$37.4B,Financials,Banks,4.78%,+0.7
MFGP,Micro Focus International PLC - ADR,$1.8B,Information Technology,Software,4.47%,+2.4
MFL,Blackrock Munihldngs Invstmnt Qulty Fund,$571.1M,,,3.84%,+0.1
MFM,MFS Municipal Income Trust,$292.4M,,,4.14%,+0.3
MFV,MFS Special Value Trust,$47.9M,,,8.48%,+0.8
MGF,MFS Government Markets Income Trust,$143.7M,,,7.62%,+0.0
MGP,MGM Growth Properties LLC,$20.0B,Real Estate,Equity Real Estate Investment Trusts (REITs),5.09%,+0.8
MGU,Macquarie Global Infr Total Rtrn Fnd Inc,$303.0M,,,4.94%,+1.3
MHD,BlackRock MuniHoldings Fund Inc.,$896.9M,,,4.32%,+0.2
MHF,Western Asset Municipal Hgh Incm Fnd Inc,$176.3M,,,3.20%,+0.2
MHI,Pioneer Municipal High Income Fund Inc,$284.6M,,,3.60%,+0.2
MHN,Blackrock Muniholdings New York Qulty Fd,$457.6M,,,4.46%,+0.2
MIN,MFS Intermediate Income Trust,$427.8M,,,8.90%,+0.2
MITT,AG Mortgage Investment Trust Inc,$169.6M,Financials,Mortgage Real Estate Investment Trusts (REITs),23.80%,+1.6
MITT-A,AG Mortgage Investment Trust Inc,--,Financials,Mortgage Real Estate Investment Trusts (REITs),8.15%,--
MITT-B,AG Mortgage Investment Trust Inc,--,Financials,Mortgage Real Estate Investment Trusts (REITs),8.01%,--
MITT-C,AG Mortgage Investment Trust Inc,--,Financials,Mortgage Real Estate Investment Trusts (REITs),8.01%,--
MIY,Blackrock Muniyield Michign Qulty Fd Inc,$461.1M,,,4.30%,+0.2
MMD,Mainstay Definedterm Municipal Opptys Fd,$621.1M,,,4.53%,+0.3
MMM,3M Co,$107.8B,Industrials,Industrial Conglomerates,3.19%,+1.0
MMP,"Magellan Midstream Partners, L.P.",$10.7B,Energy,"Oil, Gas & Consumable Fuels",8.53%,+1.1
MMT,MFS Multimarket Income Trust,$394.1M,,,7.62%,+0.6
MMU,Western Asset Managed Municipals Fnd Inc,$586.2M,,,3.60%,+0.2
MNDO,MIND C.T.I. Ltd.,$64.4M,Information Technology,Software,8.05%,+0.9
MNP,Western Asset Municipal Partners Fnd Inc,$156.1M,,,3.54%,+0.2
MNR,Monmouth R.E. Inv. Corp.,$1.8B,Real Estate,Equity Real Estate Investment Trusts (REITs),3.88%,+0.8
MNR-C,Monmouth Real Estate Investment Corp,--,Real Estate,Equity Real Estate Investment Trusts (REITs),6.07%,--
MNSO,MINISO Group Holding Ltd - ADR,$4.2B,Consumer Discretionary,Multiline Retail,13.48%,--
MO,Altria Group Inc,$93.8B,Consumer Staples,Tobacco,7.12%,+0.7
MOFG,Midwestone Financial Group Inc (IOWA),$465.0M,Financials,Banks,3.09%,+1.0
MPA,BlackRock Muniyield Pennsylvania QltyFnd,$212.2M,,,4.15%,+0.3
MPB,"Mid Penn Bancorp, Inc.",$297.1M,Financials,Banks,3.08%,+0.7
MPC,Marathon Petroleum Corp,$36.4B,Energy,"Oil, Gas & Consumable Fuels",4.05%,+2.2
MPLX,MPLX LP,$29.0B,Energy,"Oil, Gas & Consumable Fuels",9.64%,+1.9
MPV,Barings Participation Investors,$143.0M,,,5.84%,+0.5
MPW,"Medical Properties Trust, Inc.",$12.6B,Real Estate,Equity Real Estate Investment Trusts (REITs),5.19%,+0.5
MPX,Marine Products Corp.,$438.2M,Consumer Discretionary,Leisure Products,3.73%,+1.2
MQT,Blackrock Muniyield Quality Fund II Inc.,$332.2M,,,4.43%,+0.2
MQY,Blackrock Muniyield Quality Fund Inc.,$1.2B,,,4.56%,+0.2
MRCC,Monroe Capital Corp,$234.2M,Financials,Capital Markets,9.25%,+1.5
MRK,"Merck & Co., Inc.",$185.7B,Health Care,Pharmaceuticals,3.52%,+0.4
MSB,Mesabi Trust,$428.7M,Materials,Metals & Mining,5.52%,+1.1
MSBI,Midland States Bancorp Inc,$556.1M,Financials,Banks,4.50%,+1.1
MSD,Morgan Stanley Emerging Mkt Debt FundInc,$196.7M,,,4.56%,+0.5
MSM,MSC Industrial Direct Co Inc,$4.5B,Industrials,Trading Companies & Distributors,3.69%,+1.1
MTB,M&T Bank Corporation,$17.6B,Financials,Banks,3.19%,+1.2
MTBCP,CareCloud Inc,--,Health Care,Health Care Technology,9.32%,--
MTR,Mesa Royalty Trust,$11.7M,Energy,"Oil, Gas & Consumable Fuels",4.72%,+1.1
MUA,"Blackrock Muniassets Fund, Inc.",$613.3M,,,3.61%,+0.3
MUC,Blackrock MuniHoldings CA Insrd Fnd Inc.,$645.3M,,,4.19%,+0.2
MUE,BlackRock MuniHoldings QualityFnd II Inc,$337.8M,,,4.21%,+0.3
MUFG,Mitsubishi UFJ Financial Group Inc (ADR),$74.1B,Financials,Banks,4.06%,+1.0
MUI,Blackrock Muni Intermediate Drtn Fnd Inc,$607.4M,,,4.09%,+0.3
MUJ,BlackRock Muniholdings NJ Quality Fd Inc,$477.2M,,,4.74%,+0.2
MVF,BlackRock MuniVest Fund Inc.,$634.7M,,,4.11%,+0.3
MVO,MV Oil Trust,$81.1M,Energy,"Oil, Gas & Consumable Fuels",10.20%,+1.5
MVT,Blackrock Munivest Fund II Inc.,$343.9M,,,4.40%,+0.3
MYC,BlackRock MuniYield California Fund Inc.,$326.3M,,,3.38%,+0.2
MYD,Blackrock Muniyield Fund Inc.,$719.3M,,,4.39%,+0.4
MYI,Blackrock Muniyield Quality Fund III Inc,$1.0B,,,4.17%,+0.1
MYJ,"BlackRock MuniYield New Jersey Fund, Inc",$382.6M,,,4.73%,+0.3
MYN,BlackRock MuniYield NewYork Qlty Fnd Inc,$565.3M,,,4.34%,+0.2
NAC,Nuveen California Quality Muncpl IncmFnd,$2.3B,,,4.08%,+0.2
NAD,Nuveen Quality Municipal Income Fund,$3.8B,,,4.38%,+0.2
NAN,Nuveen New York Quality Muncpl Incm Fund,$456.6M,,,4.22%,+0.2
NAT,Nordic American Tanker Ltd,$380.3M,Energy,"Oil, Gas & Consumable Fuels",3.75%,+0.6
NBB,Nuveen Taxable Municipal Income Fund,$656.7M,,,5.56%,+0.3
NBH,Neuberger Berman Municipal Fund Inc,$303.1M,,,4.65%,+0.3
NBO,Neuberger Berman New York Muncipl Fd Inc,$66.5M,,,3.58%,+0.2
NBTB,NBT Bancorp Inc.,$1.5B,Financials,Banks,3.23%,+0.7
NBW,Neuberger Berman California Munc Fd Inc,$79.6M,,,3.75%,+0.1
NC,"NACCO Industries, Inc.",$181.9M,Energy,"Oil, Gas & Consumable Fuels",3.13%,+1.1
NCMI,"National CineMedia, Inc.",$200.2M,Communication Services,Media,8.03%,+1.8
NCV,Virtus Allianzgi Convertible & Incom Fnd,$560.3M,,,8.17%,+1.3
NCV-A,Virtus Allianzgi Convertible & Income Fund,--,,,5.30%,--
NCZ,Virtus Allianzgi Convrtbl & Inc Fd II,$411.5M,,,8.27%,+1.3
NCZ-A,Virtus Allianzgi Convertible & Income Fund II,--,,,5.21%,--
NEA,Nuveen Amt-Free Quality Municpl Incm Fnd,$4.7B,,,4.43%,+0.2
NEM,Newmont Corporation,$45.7B,Materials,Metals & Mining,3.84%,+0.2
NEP,Nextera Energy Partners LP,$6.2B,Utilities,Independent Power & Renewable Electricity Producers,3.34%,+0.7
NEV,Nuveen Enhanced Municipal Value Fund,$416.3M,,,4.33%,+0.4
NEWT,NEWTEK Business Services Corp,$660.5M,Financials,Capital Markets,12.27%,+1.2
NEXA,Nexa Resources SA,$1.1B,Materials,Metals & Mining,3.18%,+1.7
NFBK,Northfield Bancorp Inc,$839.8M,Financials,Thrifts & Mortgage Finance,3.14%,+0.8
NFG,National Fuel Gas Co.,$4.8B,Utilities,Gas Utilities,3.49%,+0.7
NFJ,Virtus Dividend Intrst & Prem Strtg Fd,$1.5B,,,5.73%,+1.1
NGG,National Grid plc (ADR),$47.0B,Utilities,Multi-Utilities,5.24%,+0.3
NHF,Nexpoint Strategic Opportunities Fund,$538.3M,,,4.14%,+1.2
NHF-A,NexPoint Strategic Opportunities Fund,--,,,6.11%,--
NHI,National Health Investors Inc,$2.7B,Real Estate,Equity Real Estate Investment Trusts (REITs),6.07%,+0.9
NHS,Neuberger Berman High Yield Strateges Fd,$249.9M,,,8.58%,+0.9
NHTC,Natural Health Trends Corp.,$80.3M,Consumer Staples,Personal Products,12.01%,+0.6
NI,NiSource Inc.,$9.7B,Utilities,Multi-Utilities,3.51%,+0.3
NID,Nuveen Intermediate Duration Munpl Tm Fd,$692.4M,,,3.78%,+0.1
NIE,Virtus Allianzgi Equity & Convbl Inc Fnd,$846.5M,,,4.94%,+1.0
NIQ,Nuveen Intermediate Duration Qlty Mun FD,$195.7M,,,3.43%,+0.1
NJR,New Jersey Resources Corp,$3.6B,Utilities,Gas Utilities,3.94%,+0.5
NKG,Nuveen Georgia Quality Municipal Inc Fd,$143.4M,,,3.92%,+0.2
NKSH,National Bankshares Inc.,$224.2M,Financials,Banks,3.82%,+0.6
NKX,Nuveen Calfrna AMT-Free Qlty Mncpl IncFd,$774.6M,,,4.17%,+0.2
NL,NL Industries Inc,$291.4M,Industrials,Commercial Services & Supplies,3.91%,+1.4
NLY,"Annaly Capital Management, Inc.",$12.3B,Financials,Mortgage Real Estate Investment Trusts (REITs),10.29%,+1.3
NLY-F,Annaly Capital Management Inc,--,Financials,Mortgage Real Estate Investment Trusts (REITs),6.75%,--
NLY-G,Annaly Capital Management Inc,--,Financials,Mortgage Real Estate Investment Trusts (REITs),6.29%,--
NLY-I,Annaly Capital Management Inc,--,Financials,Mortgage Real Estate Investment Trusts (REITs),6.42%,--
NMCO,Nuveen Municipal Credit Opprtntes Fund,$833.8M,,,4.75%,--
NMFC,New Mountain Finance Corp.,$1.3B,Financials,Capital Markets,8.92%,+1.5
NMI,Nuveen Municipal Income Fund Inc.,$115.0M,,,3.02%,+0.0
NMK-B,Niagara Mohawk Power Corp,--,,,3.60%,--
NMK-C,Niagara Mohawk Power Corp,--,,,3.70%,--
NML,NEUBERGER BERMAN MLP INCM FD,$275.9M,,,4.02%,+2.4
NMR,Nomura Holdings Inc (ADR),$16.1B,Financials,Capital Markets,6.33%,+0.8
NMT,Nuveen Massachusetts Qlty Mncpl Incm Fnd,$142.5M,,,3.61%,+0.2
NMZ,Nuveen Municipal High Income Oppty Fund,$1.4B,,,5.15%,+0.4
NNN,"National Retail Properties, Inc.",$8.0B,Real Estate,Equity Real Estate Investment Trusts (REITs),4.57%,+0.8
NOM,Nuveen Missouri Quality Mncpl Incm Fnd,$36.1M,,,3.30%,+0.3
NP,Neenah Inc,$816.5M,Materials,Paper & Forest Products,3.86%,+1.5
NPK,National Presto Industries Inc.,$576.4M,Industrials,Aerospace & Defense,14.91%,+0.7
NPV,Nuveen Virginia Quality Mncpl Incm Fund,$301.4M,,,3.42%,+0.3
NQP,Nuveen Pennsylvania Quty Mul Ince Fund,$561.5M,,,4.46%,+0.2
NREF,NexPoint Real Estate Finance Inc,$160.8M,Financials,Mortgage Real Estate Investment Trusts (REITs),8.96%,--
NREF-A,Nexpoint Real Estate Finance Inc,--,Financials,Mortgage Real Estate Investment Trusts (REITs),8.08%,--
NRGX,Pimco Energy&Tactical Credit Opprts Fund,$519.5M,,,5.76%,--
NRIM,"Northrim BanCorp, Inc.",$251.8M,Financials,Banks,3.75%,+0.8
NRK,Nuveen New York AMT-Fr Qty Mnpl Incm Fd,$1.2B,,,4.11%,+0.2
NRO,NEUBERGER BERMAN RE SEC FD,$244.2M,,,7.20%,+1.2
NRP,Natural Resource Partners LP,$261.6M,Energy,"Oil, Gas & Consumable Fuels",8.38%,+0.7
NRT,North European Oil Royalty Trust,$66.5M,Energy,"Oil, Gas & Consumable Fuels",4.81%,+1.5
NRZ,New Residential Investment Corp,$5.1B,Financials,Mortgage Real Estate Investment Trusts (REITs),9.17%,+1.9
NRZ-A,New Residential Investment Corp,--,Financials,Mortgage Real Estate Investment Trusts (REITs),7.24%,--
NRZ-B,New Residential Investment Corp,--,Financials,Mortgage Real Estate Investment Trusts (REITs),6.94%,--
NRZ-C,New Residential Investment Corp,--,Financials,Mortgage Real Estate Investment Trusts (REITs),6.67%,--
NS,NuStar Energy L.P.,$1.8B,Energy,"Oil, Gas & Consumable Fuels",9.83%,+2.6
NS-A,NuStar Energy LP,--,Energy,"Oil, Gas & Consumable Fuels",8.74%,--
NS-B,NuStar Energy LP,--,Energy,"Oil, Gas & Consumable Fuels",8.92%,--
NS-C,NuStar Energy LP,--,Energy,"Oil, Gas & Consumable Fuels",9.07%,--
NSA-A,National Storage Affiliates Trust,--,Real Estate,Equity Real Estate Investment Trusts (REITs),5.57%,--
NSL,Nuveen Senior Income Fund,$225.9M,,,6.99%,+0.6
NTB,Bank of N T Butterfield & Son Ltd,$1.6B,Financials,Banks,5.43%,+1.9
NTG,Tortoise Midstream Energy Fund Inc,$161.8M,,,5.33%,+3.7
NTIP,NETWORK-1 TECHNOLOGIES INC,$73.5M,Information Technology,Communications Equipment,3.28%,+0.3
NTST,NetSTREIT Corp,$1.0B,Real Estate,Equity Real Estate Investment Trusts (REITs),3.14%,--
NUO,Nuveen Ohio Quality Income Muncpl Fund,$304.4M,,,3.56%,+0.1
NUS,"Nu Skin Enterprises, Inc.",$2.4B,Consumer Staples,Personal Products,3.18%,+1.2
NVEC,NVE Corp,$332.0M,Information Technology,Semiconductors & Semiconductor Equipment,5.88%,+1.1
NVG,Nuveen AMT-Free Municipal Crdt Inc Fund,$3.8B,,,4.56%,+0.3
NVS,Novartis AG (ADR),$191.4B,Health Care,Pharmaceuticals,3.70%,+0.6
NWBI,"Northwest Bancshares, Inc.",$1.6B,Financials,Thrifts & Mortgage Finance,6.33%,+0.6
NWE,NorthWestern Corp,$3.3B,Utilities,Multi-Utilities,3.84%,+0.5
NWFL,Norwood Financial Corporation,$208.9M,Financials,Banks,4.12%,+0.5
NWL,Newell Brands Inc,$10.8B,Consumer Discretionary,Household Durables,3.59%,+0.9
NWN,Northwest Natural Holding Co,$1.5B,Utilities,Gas Utilities,3.84%,+0.5
NXJ,Nuveen New Jersey Quality Mncpl Inc Fund,$648.0M,,,4.49%,+0.2
NXP,Nuveen Select Tax-Free Income Portfolio,$278.2M,,,3.25%,+0.2
NXQ,Nuveen Select Tax Free Incom Portfolio 2,$274.9M,,,3.24%,+0.1
NXR,Nuveen Select Tax-Free Incom Portfolio 3,$232.5M,,,3.17%,+0.1
NYC,New York City REIT Inc,$117.5M,Real Estate,Equity Real Estate Investment Trusts (REITs),4.44%,--
NYCB,"New York Community Bancorp, Inc.",$5.8B,Financials,Thrifts & Mortgage Finance,5.50%,+1.1
NYMT,New York Mortgage Trust Inc,$1.6B,Financials,Mortgage Real Estate Investment Trusts (REITs),9.32%,+2.0
NZF,Nuveen Municipal Credit Income Fund,$2.5B,,,4.59%,+0.3
O,Realty Income Corp,$26.8B,Real Estate,Equity Real Estate Investment Trusts (REITs),4.06%,+0.7
OAK-A,Oaktree Capital Group LLC,--,,,6.10%,--
OAK-B,Oaktree Capital Group LLC,--,,,6.02%,--
OCCI,OFS Credit Company Inc,$85.8M,,,15.98%,--
OCFC,OceanFirst Financial Corp.,$1.2B,Financials,Banks,3.23%,+1.0
OCSL,Oaktree Specialty Lending Corp,$1.3B,Financials,Capital Markets,7.93%,+1.5
ODC,Oil-Dri Corporation of America,$256.7M,Consumer Staples,Household Products,3.13%,+0.6
OFC,Corporate Office Properties Trust,$3.1B,Real Estate,Equity Real Estate Investment Trusts (REITs),3.92%,+1.0
OFS,OFS Capital Corp,$141.1M,Financials,Capital Markets,9.15%,+1.9
OGE,OGE Energy Corp.,$7.1B,Utilities,Electric Utilities,4.54%,+0.7
OGN,Organon & Co,$8.6B,Health Care,Pharmaceuticals,3.23%,--
OGS,ONE Gas Inc,$3.7B,Utilities,Gas Utilities,3.28%,+0.4
OHI,Omega Healthcare Investors Inc,$7.9B,Real Estate,Equity Real Estate Investment Trusts (REITs),7.98%,+0.9
OIA,Invesco Municipal Income Opp Trust,$389.2M,,,4.47%,+0.4
OKE,"ONEOK, Inc.",$23.5B,Energy,"Oil, Gas & Consumable Fuels",7.14%,+2.0
OLP,"One Liberty Properties, Inc.",$647.8M,Real Estate,Equity Real Estate Investment Trusts (REITs),5.72%,+1.5
OMC,Omnicom Group Inc.,$15.5B,Communication Services,Media,3.88%,+0.9
OMF,OneMain Holdings Inc,$7.5B,Financials,Consumer Finance,4.94%,+2.0
OMP,Oasis Midstream Partners LP,$1.0B,Energy,"Oil, Gas & Consumable Fuels",10.60%,+2.6
ONB,Old National Bancorp,$2.7B,Financials,Banks,3.45%,+1.0
OPBK,OP Bancorp,$151.1M,Financials,Thrifts & Mortgage Finance,4.02%,+0.6
OPI,Office Properties Income Trust,$1.2B,Real Estate,Equity Real Estate Investment Trusts (REITs),8.35%,+1.3
OPP-A,Rivernorth/Doubleline Strategic Opportunity Fund I,--,,,4.37%,--
ORAN,Orange SA (ADR),$29.5B,Communication Services,Diversified Telecommunication Services,9.67%,+0.3
ORC,Orchid Island Capital Inc,$621.5M,Financials,Mortgage Real Estate Investment Trusts (REITs),15.51%,+1.3
ORCC,Owl Rock Capital Corp,$5.7B,Financials,Capital Markets,8.50%,--
ORI,Old Republic International Corporation,$7.6B,Financials,Insurance,3.47%,+0.9
ORRF,Orrstown Financial Services Inc,$258.2M,Financials,Banks,3.33%,+1.0
OTRKP,Ontrak Inc,--,Health Care,Health Care Providers & Services,13.42%,--
OVBC,Ohio Valley Banc Corp.,$133.8M,Financials,Banks,3.04%,+0.2
OXLC,Oxford Lane Capital Corp,$818.2M,,,11.28%,+1.2
OXSQ,Oxford Square Capital Corp,$218.3M,Financials,Capital Markets,9.50%,+1.3
PAA,"Plains All American Pipeline, L.P.",$7.0B,Energy,"Oil, Gas & Consumable Fuels",7.48%,+2.3
PAGP,Plains GP Holdings LP,$2.0B,Energy,"Oil, Gas & Consumable Fuels",7.14%,+2.2
PAI,Western Asset Inv Grade Income Fund Inc,$153.2M,,,3.48%,+0.4
PAX,Patria Investments Ltd,$2.4B,Financials,Capital Markets,10.59%,--
PBCT,"People's United Financial, Inc.",$6.9B,Financials,Banks,4.52%,+1.2
PBFX,PBF Logistics LP,$755.8M,Energy,"Oil, Gas & Consumable Fuels",9.91%,+1.8
PBR,Petroleo Brasileiro SA Petrobras (ADR),$37.1B,Energy,"Oil, Gas & Consumable Fuels",10.03%,+1.8
PBR.A,PETROLEO BRASILEIRO SA- PETR,$27.1B,Energy,"Oil, Gas & Consumable Fuels",9.36%,+1.8
PBT,Permian Basin Royalty Trust,$245.4M,Energy,"Oil, Gas & Consumable Fuels",3.59%,+1.2
PCF,High Income Securities Fund,$94.5M,,,9.40%,+0.9
PCH,Potlatchdeltic Corp,$3.5B,Real Estate,Equity Real Estate Investment Trusts (REITs),3.19%,+1.3
PCI,Pimco Dynamic Credit and MortggeIncmFund,$3.3B,,,9.48%,+0.8
PCK,Pimco CA Muni. Income Fund II,$328.9M,,,3.99%,+0.3
PCM,"PCM Fund, Inc.",$133.6M,,,8.30%,+0.7
PCN,Pimco Corporate & Income Strategy Fund,$716.3M,,,7.61%,+0.8
PCQ,PIMCO California Municipal Income Fund,$360.6M,,,4.09%,+0.4
PCTI,PC Tel Inc,$119.8M,Information Technology,Communications Equipment,3.37%,+0.3
PDCO,"Patterson Companies, Inc.",$3.1B,Health Care,Health Care Providers & Services,3.23%,+1.6
PDI,PIMCO Dynamic Income Fund,$1.9B,,,9.50%,+0.7
PDM,"Piedmont Office Realty Trust, Inc.",$2.1B,Real Estate,Equity Real Estate Investment Trusts (REITs),4.81%,+1.0
PDT,John Hancock Premium Dividend Fund,$839.2M,,,6.73%,+0.9
PEAK,Healthpeak Properties Inc,$19.1B,Real Estate,Equity Real Estate Investment Trusts (REITs),3.37%,+0.7
PEB-E,Pebblebrook Hotel Trust,--,Real Estate,Equity Real Estate Investment Trusts (REITs),6.30%,--
PEB-F,Pebblebrook Hotel Trust,--,Real Estate,Equity Real Estate Investment Trusts (REITs),6.25%,--
PEBO,Peoples Bancorp Inc.,$609.6M,Financials,Banks,4.74%,+1.0
PECO,Phillips Edison & Co Inc,$568.2M,Real Estate,Equity Real Estate Investment Trusts (REITs),3.50%,--
PEG,Public Service Enterprise Group Inc.,$31.6B,Utilities,Multi-Utilities,3.22%,+0.6
PETS,Petmed Express Inc,$587.7M,Consumer Discretionary,Internet & Direct Marketing Retail,4.17%,+0.5
PFBI,"Premier Financial Bancorp, Inc.",$264.4M,Financials,Banks,3.42%,+0.8
PFC,Premier Financial Corp (OHIO),$1.1B,Financials,Thrifts & Mortgage Finance,3.62%,+1.5
PFD,Flaherty & Crumrine Pref & Inc Fund Inc,$182.7M,,,6.37%,+0.7
PFE,Pfizer Inc.,$255.9B,Health Care,Pharmaceuticals,3.39%,+0.7
PFG,Principal Financial Group Inc,$17.6B,Financials,Insurance,3.86%,+1.6
PFIS,Peoples Financial Services Corp,$326.0M,Financials,Banks,3.50%,+0.2
PFL,Pimco Income Strategy Fund,$406.6M,,,8.18%,+0.7
PFLT,Pennantpark Floating Rate Capital Ltd,$500.2M,Financials,Capital Markets,8.81%,+2.0
PFN,Pimco Income Strategy Fund II,$784.3M,,,8.37%,+0.7
PFO,Flaherty & Crumrine Pref. Incme Opp. Fd.,$167.0M,,,6.18%,+0.6
PFS,"Provident Financial Services, Inc.",$1.7B,Financials,Thrifts & Mortgage Finance,4.16%,+1.0
PGP,PIMCO Global StocksPLUS & Income Fund,$122.7M,,,7.44%,+1.1
PGRE,Paramount Group Inc,$1.9B,Real Estate,Equity Real Estate Investment Trusts (REITs),3.12%,+1.4
PHD,Pioneer Floating Rate Fund Inc,$280.3M,,,6.11%,+0.7
PHI,PLDT Inc (ADR),$6.1B,Communication Services,Wireless Telecommunication Services,5.78%,+0.3
PHK,PIMCO High Income Fund,$860.4M,,,8.83%,+0.8
PHT,Pioneer High Income Fund Inc,$320.5M,,,8.02%,+0.9
PIM,Putnam Master Intermediate Income Trust,$208.0M,,,6.47%,+0.4
PINE,Alpine Income Property Trust Inc,$204.4M,Real Estate,Equity Real Estate Investment Trusts (REITs),5.59%,--
PKBK,"Parke Bancorp, Inc.",$250.9M,Financials,Banks,3.04%,+1.0
PKO,PIMCO Income Opportunity Fund,$537.2M,,,8.84%,+0.6
PKX,POSCO (ADR),$23.4B,Materials,Metals & Mining,3.78%,+1.1
PLOW,Douglas Dynamics Inc,$879.0M,Industrials,Machinery,3.01%,+0.8
PLYM,Plymouth Industrial Reit Inc,$744.9M,Real Estate,Equity Real Estate Investment Trusts (REITs),3.61%,+1.3
PLYM-A,Plymouth Industrial REIT Inc,--,Real Estate,Equity Real Estate Investment Trusts (REITs),6.91%,--
PM,Philip Morris International Inc.,$163.3B,Consumer Staples,Tobacco,4.68%,+0.9
PMF,Pimco Municipal Income Fund,$392.1M,,,4.24%,+0.3
PML,Pimco Municipal Income Fund II,$942.5M,,,4.70%,+0.3
PMM,Putnam Managed Municipal Income Trust,$414.1M,,,4.53%,+0.3
PMO,Putnam Municipal Opportunities Trust,$486.7M,,,4.43%,+0.3
PMT,PennyMac Mortgage Investment Trust,$1.9B,Financials,Mortgage Real Estate Investment Trusts (REITs),9.56%,+1.1
PMT-A,PennyMac Mortgage Investment Trust,--,Financials,Mortgage Real Estate Investment Trusts (REITs),7.77%,--
PMT-B,PennyMac Mortgage Investment Trust,--,Financials,Mortgage Real Estate Investment Trusts (REITs),7.61%,--
PMX,Pimco Municipal Income Fund III,$416.4M,,,4.34%,+0.3
PNF,PIMCO New York Municipal Income Fund,$100.3M,,,3.90%,+0.4
PNI,Pimco NY Muni Income Fund II,$243.0M,,,4.13%,+0.4
PNNT,PennantPark Investment Corp.,$436.1M,Financials,Capital Markets,7.44%,+2.0
PNW,Pinnacle West Capital Corporation,$8.5B,Utilities,Electric Utilities,4.40%,+0.3
POR,Portland General Electric Company,$4.5B,Utilities,Electric Utilities,3.35%,+0.4
POWL,"Powell Industries, Inc.",$291.9M,Industrials,Electrical Equipment,4.18%,+1.3
PPBI,"Pacific Premier Bancorp, Inc.",$3.6B,Financials,Banks,3.42%,+1.4
PPL,PPL Corp,$23.0B,Utilities,Electric Utilities,5.57%,+0.8
PPT,Putnam Premier Income Trust,$474.9M,,,6.84%,+0.4
PRE-J,PartnerRe Ltd,--,,,4.50%,--
PRIF-D,Priority Income Fund Inc,--,,,6.75%,--
PRIF-E,Priority Income Fund Inc,--,,,6.28%,--
PRIF-F,Priority Income Fund Inc,--,,,6.45%,--
PRIF-G,Priority Income Fund Inc,--,,,6.25%,--
PRIF-H,Priority Income Fund Inc,--,,,9.51%,--
PRIF-I,Priority Income Fund Inc,--,,,6.86%,--
PRIF-J,Priority Income Fund Inc,--,,,3.34%,--
PRK,PARK NATL CORP COM,$1.9B,Financials,Banks,3.66%,+0.8
PROV,"Provident Financial Holdings, Inc.",$127.2M,Financials,Thrifts & Mortgage Finance,3.31%,+0.6
PRT,PermRock Royalty Trust,$78.7M,Energy,"Oil, Gas & Consumable Fuels",6.75%,+1.6
PRU,Prudential Financial Inc,$40.4B,Financials,Insurance,4.40%,+1.7
PSEC,Prospect Capital Corporation,$3.0B,Financials,Capital Markets,9.22%,+0.9
PSEC-A,Prospect Capital Corp,--,Financials,Capital Markets,5.60%,--
PSF,"Cohen & Steers Select Pref & Inc Fd, Inc",$351.0M,,,6.39%,+0.9
PSTL,Postal Realty Trust Inc,$259.8M,Real Estate,Equity Real Estate Investment Trusts (REITs),4.65%,--
PSX,Phillips 66,$29.2B,Energy,"Oil, Gas & Consumable Fuels",5.39%,+1.7
PSXP,Phillips 66 Partners LP,$8.1B,Energy,"Oil, Gas & Consumable Fuels",9.69%,+1.2
PTMN,Portman Ridge Finance Corp,$220.2M,Financials,Capital Markets,9.93%,+1.3
PTR,PetroChina Company Limited (ADR),$9.3B,Energy,"Oil, Gas & Consumable Fuels",6.12%,+0.9
PTVE,Pactiv Evergreen Inc,$2.1B,Materials,Containers & Packaging,3.38%,--
PTY,PIMCO Corporate&Income Opportunity Fund,$2.0B,,,7.71%,+0.8
PW-A,Power REIT,--,Real Estate,Equity Real Estate Investment Trusts (REITs),7.16%,--
PWOD,"Penns Woods Bancorp, Inc.",$167.2M,Financials,Banks,5.36%,+0.7
PYN,Pimco NY Muni. Income Fund III,$57.8M,,,4.22%,+0.4
PYS,PPLUS Trust Series RRD-1,--,,,6.77%,--
PZC,Pimco CA Muni. Income Fund III,$301.7M,,,4.10%,+0.3
QIWI,Qiwi PLC,$532.5M,Information Technology,IT Services,17.52%,+0.7
QQQX,Nuveen Nasdaq 100 Dynamic Overwrite Fund,$1.3B,,,5.86%,+1.1
QSR,Restaurant Brands International Inc,$30.3B,Consumer Discretionary,"Hotels, Restaurants & Leisure",3.29%,+1.2
R,"Ryder System, Inc.",$4.2B,Industrials,Road & Rail,3.00%,+2.0
RC,Ready Capital Corp,$1.1B,Financials,Mortgage Real Estate Investment Trusts (REITs),11.13%,+1.1
RC-C,Ready Capital Corp,--,Financials,Mortgage Real Estate Investment Trusts (REITs),6.15%,--
RC-E,Ready Capital Corp,--,Financials,Mortgage Real Estate Investment Trusts (REITs),3.56%,--
RCS,"PIMCO Strategic Income Fund, Inc",$334.7M,,,7.96%,+0.8
RDS.A,Royal Dutch Shell plc (ADR),$81.3B,Energy,"Oil, Gas & Consumable Fuels",3.79%,+0.9
RDS.B,ROYAL DUTCH SHELL PLC,$72.6B,Energy,"Oil, Gas & Consumable Fuels",3.81%,+0.9
REG,Regency Centers Corp,$11.5B,Real Estate,Equity Real Estate Investment Trusts (REITs),3.48%,+1.1
REPX,Riley Exploration Permian Inc,$418.2M,Energy,"Oil, Gas & Consumable Fuels",5.32%,+1.3
REXR-B,Rexford Industrial Realty Inc,--,Real Estate,Equity Real Estate Investment Trusts (REITs),5.56%,--
REXR-C,Rexford Industrial Realty Inc,--,Real Estate,Equity Real Estate Investment Trusts (REITs),5.03%,--
REYN,Reynolds Consumer Products Inc,$5.9B,Consumer Staples,Household Products,3.29%,--
RF,Regions Financial Corp,$18.8B,Financials,Banks,3.46%,+1.5
RFI,Cohen & Steers Total Return Real. Fd Inc,$461.0M,,,5.42%,+1.1
RGCO,RGC Resources Inc.,$196.2M,Utilities,Gas Utilities,3.06%,-0.5
RGP,"Resources Connection, Inc.",$516.8M,Industrials,Professional Services,3.62%,+1.0
RGR,Sturm Ruger & Company Inc,$1.3B,Consumer Discretionary,Leisure Products,4.16%,+0.3
RILY,B Riley Financial Inc,$1.7B,Financials,Capital Markets,3.18%,+1.4
RIO,Rio Tinto plc (ADR),$92.2B,Materials,Metals & Mining,9.51%,+0.7
RIV,Rivernorth Opportunities Fund Inc,$229.7M,,,11.29%,+0.7
RLJ-A,RLJ Lodging Trust,--,Real Estate,Equity Real Estate Investment Trusts (REITs),6.69%,--
RMI,Rivernorth Opprtnstc Mncpl Incme Fnd Inc,$150.5M,,,4.65%,--
RMM,RiverNorth Mngd Durtn Mncpl Inc Fund Inc,$419.3M,,,5.17%,--
RMPL-,RiverNorth Specialty Finance Corp,--,,,5.72%,--
RMR,RMR Group Inc,$1.1B,Real Estate,Real Estate Management & Development,4.40%,+1.7
RMT,Royce Micro Capital Trust Inc.,$523.4M,,,5.94%,+1.4
RNP,Cohen & Steers Rit & Prfd & Incom Fd Inc,$1.3B,,,5.27%,+1.0
RPT,RPT Realty,$1.0B,Real Estate,Equity Real Estate Investment Trusts (REITs),3.81%,+1.7
RPT-D,RPT Realty,--,Real Estate,Equity Real Estate Investment Trusts (REITs),6.06%,--
RQI,Cohen & Steers Qlty Inc Realty Fund Inc,$2.2B,,,5.88%,+1.1
RTLR,Rattler Midstream LP,$460.4M,Energy,"Oil, Gas & Consumable Fuels",8.80%,--
RVT,Royce Value Trust Inc,$1.9B,,,6.03%,+1.5
RWT,"Redwood Trust, Inc.",$1.4B,Financials,Mortgage Real Estate Investment Trusts (REITs),5.81%,+1.0
SACH,SACHEM CAPITAL CORP,$142.4M,Financials,Mortgage Real Estate Investment Trusts (REITs),9.52%,+1.4
SACH-A,Sachem Capital Corp,--,,,7.59%,--
SAFT,"Safety Insurance Group, Inc.",$1.2B,Financials,Insurance,4.51%,+0.3
SAMG,Silvercrest Asset Management Group Inc,$223.1M,Financials,Capital Markets,4.29%,+0.7
SAR,Saratoga Investment Corp,$323.9M,Financials,Capital Markets,7.13%,+1.7
SASR,Sandy Spring Bancorp Inc.,$2.0B,Financials,Banks,3.01%,+1.2
SBLK,Star Bulk Carriers Corp.,$2.4B,Industrials,Marine,11.75%,+1.2
SBR,Sabine Royalty Trust,$589.8M,Energy,"Oil, Gas & Consumable Fuels",6.62%,+0.8
SBRA,Sabra Health Care REIT Inc,$3.6B,Real Estate,Equity Real Estate Investment Trusts (REITs),7.25%,+1.5
SBSI,"Southside Bancshares, Inc.",$1.2B,Financials,Banks,3.53%,+0.6
SBSW,Sibanye Stillwater Ltd (ADR),$9.5B,Materials,Metals & Mining,11.68%,+1.8
SCCO,Southern Copper Corp,$48.7B,Materials,Metals & Mining,5.98%,+1.1
SCD,LMP Capital and Income Fund Inc.,$262.5M,,,7.13%,+1.7
SCE-G,SCE Trust II,--,,,5.05%,--
SCE-H,SCE Trust III,--,,,5.50%,--
SCE-J,SCE Trust IV,--,,,5.36%,--
SCE-K,SCE Trust V,--,,,5.34%,--
SCE-L,SCE Trust VI,--,,,4.98%,--
SCM,Stellus Capital Investment Corp,$253.9M,Financials,Capital Markets,8.23%,+1.4
SCS,Steelcase Inc.,$1.5B,Industrials,Commercial Services & Supplies,4.36%,+1.4
SCU,Sculptor Capital Management Inc,$1.6B,Financials,Capital Markets,11.60%,+1.6
SELF,Global Self Storage Inc,$56.2M,Real Estate,Equity Real Estate Investment Trusts (REITs),4.90%,+0.6
SFL,SFL Corporation Ltd,$1.2B,Energy,"Oil, Gas & Consumable Fuels",7.21%,+1.1
SGU,Star Group LP,$408.3M,Utilities,Gas Utilities,5.45%,+0.4
SHG,"Shinhan Financial Group Co., Ltd. (ADR)",$17.4B,Financials,Banks,4.79%,+0.9
SHI,Sinopec Shanghai Petrochemical Co. (ADR),$885.6M,Materials,Chemicals,5.93%,+0.7
SHLX,Shell Midstream Partners LP,$4.6B,Energy,"Oil, Gas & Consumable Fuels",10.20%,+1.7
SHO-H,Sunstone Hotel Investors Inc,--,Real Estate,Equity Real Estate Investment Trusts (REITs),5.81%,--
SHO-I,Sunstone Hotel Investors Inc,--,Real Estate,Equity Real Estate Investment Trusts (REITs),4.62%,--
SID,Companhia Siderurgica Nacional (ADR),$9.0B,Materials,Metals & Mining,5.59%,+1.8
SITC,Site Centers Corp,$3.3B,Real Estate,Equity Real Estate Investment Trusts (REITs),3.07%,+1.8
SJI,South Jersey Industries Inc,$2.7B,Utilities,Gas Utilities,5.05%,+0.9
SJM,J M Smucker Co,$13.1B,Consumer Staples,Food Products,3.28%,+0.3
SJT,San Juan Basin Royalty Trust,$210.8M,Energy,"Oil, Gas & Consumable Fuels",10.01%,+0.8
SKM,SK Telecom Co Ltd (ADR),$18.5B,Communication Services,Wireless Telecommunication Services,4.30%,+1.0
SKT,Tanger Factory Outlet Centers Inc.,$1.8B,Real Estate,Equity Real Estate Investment Trusts (REITs),4.19%,+1.9
SLG,SL Green Realty Corp,$4.6B,Real Estate,Equity Real Estate Investment Trusts (REITs),5.24%,+1.6
SLG-I,SL Green Realty Corp,--,Real Estate,Equity Real Estate Investment Trusts (REITs),6.22%,--
SLRC,SLR Investment Corp,$815.2M,Financials,Capital Markets,8.45%,+1.3
SMFG,"Sumitomo Mitsui Financial Grp, Inc.(ADR)",$49.5B,Financials,Banks,4.93%,+1.0
SMMF,"Summit Financial Group, Inc.",$310.1M,Financials,Banks,3.04%,+0.5
SNP,China Petroleum & Chemical Corp (ADR),$12.5B,Energy,"Oil, Gas & Consumable Fuels",9.37%,+0.9
SNV,Synovus Financial Corp.,$6.0B,Financials,Banks,3.21%,+1.6
SNV-D,Synovus Financial Corp,--,Financials,Banks,5.93%,--
SNV-E,Synovus Financial Corp,--,Financials,Banks,5.30%,--
SNY,Sanofi SA (ADR),$121.3B,Health Care,Pharmaceuticals,3.93%,+0.6
SO,Southern Co,$70.2B,Utilities,Electric Utilities,3.93%,+0.4
SOI,Solaris Oilfield Infrastructure Inc,$332.6M,Energy,Energy Equipment & Services,5.83%,+2.0
SOR,"Source Capital, Inc.",$383.9M,,,4.90%,+0.8
SPE,Special Opportunities Fund Inc.,$188.0M,,,8.11%,+1.2
SPG,Simon Property Group Inc,$42.8B,Real Estate,Equity Real Estate Investment Trusts (REITs),4.59%,+1.6
SPG-J,Simon Property Group Inc,--,Real Estate,Equity Real Estate Investment Trusts (REITs),5.80%,--
SPH,Suburban Propane Partners LP,$967.5M,Utilities,Gas Utilities,8.43%,+0.7
SPLP-A,Steel Partners Holdings LP,--,Industrials,Industrial Conglomerates,6.41%,--
SPNT-B,Siriuspoint Ltd,--,Financials,Insurance,7.07%,--
SPOK,Spok Holdings Inc,$198.6M,Communication Services,Wireless Telecommunication Services,4.90%,+0.3
SPTN,SpartanNash Co,$758.3M,Consumer Staples,Food & Staples Retailing,3.78%,+0.8
SPXX,Nuveen S&P 500 Dynamic Overwrite Fund,$311.8M,,,5.41%,+1.1
SQFT,Presidio Property Trust Inc,$41.0M,Real Estate,Equity Real Estate Investment Trusts (REITs),10.65%,--
SR,Spire Inc,$3.3B,Utilities,Gas Utilities,3.98%,+0.3
SRC,Spirit Realty Capital Inc,$6.0B,Real Estate,Equity Real Estate Investment Trusts (REITs),5.07%,+1.3
SRC-A,Spirit Realty Capital Inc,--,Real Estate,Equity Real Estate Investment Trusts (REITs),5.60%,--
SRE,Sempra Energy,$42.6B,Utilities,Multi-Utilities,3.29%,+0.7
SRG-A,Seritage Growth Properties,--,Real Estate,Equity Real Estate Investment Trusts (REITs),7.04%,--
SRLP,Sprague Resources LP,$471.8M,Energy,"Oil, Gas & Consumable Fuels",15.27%,+0.9
SRV,Cushing MLP&Infrastructure Ttl Rtrn Fnd,$64.3M,,,4.94%,+2.1
SSSS,SuRo Capital Corp,$334.1M,Financials,Capital Markets,3.94%,+1.5
STAG,Stag Industrial Inc,$6.8B,Real Estate,Equity Real Estate Investment Trusts (REITs),3.44%,+0.9
STAR-D,iStar Inc,--,Real Estate,Equity Real Estate Investment Trusts (REITs),7.79%,--
STAR-G,iStar Inc,--,Real Estate,Equity Real Estate Investment Trusts (REITs),7.47%,--
STAR-I,iStar Inc,--,Real Estate,Equity Real Estate Investment Trusts (REITs),7.26%,--
STBA,S & T Bancorp Inc,$1.1B,Financials,Banks,3.93%,+0.7
STK,Columbia Seligman Premium Tech Gt,$543.8M,,,5.45%,+1.2
STOR,Store Capital Corp,$9.4B,Real Estate,Equity Real Estate Investment Trusts (REITs),4.12%,+1.2
STRA,Strategic Education Inc,$1.9B,Consumer Discretionary,Diversified Consumer Services,3.08%,+0.4
STRRP,Star Equity Holdings Inc,--,Health Care,Health Care Providers & Services,9.93%,--
STWD,"Starwood Property Trust, Inc.",$7.1B,Financials,Mortgage Real Estate Investment Trusts (REITs),7.64%,+1.7
STX,Seagate Technology Holdings PLC,$19.2B,Information Technology,"Technology Hardware, Storage & Peripherals",3.07%,+1.1
SUN,Sunoco LP,$3.1B,Energy,"Oil, Gas & Consumable Fuels",8.90%,+1.8
SUNS,SLR Senior Investment Corp,$252.8M,Financials,Capital Markets,7.61%,+1.4
SWM,"Schweitzer-Mauduit International, Inc.",$1.1B,Materials,Paper & Forest Products,4.89%,+1.1
SWX,Southwest Gas Holdings Inc,$4.1B,Utilities,Gas Utilities,3.38%,+0.2
SXC,SunCoke Energy Inc,$596.2M,Materials,Metals & Mining,3.46%,+1.1
T,AT&T Inc.,$194.9B,Communication Services,Diversified Telecommunication Services,7.59%,+0.7
TAIT,Taitron Components Inc.,$24.7M,Information Technology,"Electronic Equipment, Instruments & Components",3.78%,+1.3
TAK,Takeda Pharmaceutical Co Ltd (ADR),$53.6B,Health Care,Pharmaceuticals,4.93%,+1.1
TBNK,Territorial Bancorp Inc,$236.6M,Financials,Thrifts & Mortgage Finance,3.64%,+0.6
TCPC,BlackRock TCP Capital Corp,$821.4M,Financials,Capital Markets,8.42%,+1.8
TDS,"Telephone & Data Systems, Inc.",$2.1B,Communication Services,Wireless Telecommunication Services,3.52%,+1.1
TEAF,Ecofin Sustainable and Soci Imp Term Fnd,$199.0M,,,6.11%,--
TEI,Templeton Emerging Markets Income Fund,$392.4M,,,8.43%,+0.5
TFC,Truist Financial Corp,$74.2B,Financials,Banks,3.45%,+1.3
TFSL,TFS Financial Corporation,$5.3B,Financials,Thrifts & Mortgage Finance,5.97%,+0.4
TG,Tredegar Corporation,$426.0M,Materials,Chemicals,3.78%,+1.0
TGP,Teekay LNG Partners L.P.,$1.5B,Energy,"Oil, Gas & Consumable Fuels",6.76%,+1.2
TGP-A,Teekay LNG Partners LP,--,Energy,"Oil, Gas & Consumable Fuels",8.82%,--
TGP-B,Teekay LNG Partners LP,--,Energy,"Oil, Gas & Consumable Fuels",7.85%,--
THQ,Tekla Healthcare Opportunities Fund,$1.0B,,,5.49%,+0.9
THW,Tekla World Healthcare Fund,$637.1M,,,8.16%,+1.0
TLK,Telkom Indonesia (Persero) Tbk PT -ADR,$23.1B,Communication Services,Diversified Telecommunication Services,3.67%,+0.8
TNP,Tsakos Energy Navigation Ltd.,$145.4M,Energy,"Oil, Gas & Consumable Fuels",4.99%,+0.4
TNP-D,Tsakos Energy Navigation Ltd,--,Energy,"Oil, Gas & Consumable Fuels",9.36%,--
TNP-E,Tsakos Energy Navigation Ltd,--,Energy,"Oil, Gas & Consumable Fuels",9.90%,--
TNP-F,Tsakos Energy Navigation Ltd,--,Energy,"Oil, Gas & Consumable Fuels",9.98%,--
TPVG,Triplepoint Venture Growth BDC Corp,$468.7M,Financials,Capital Markets,9.47%,+1.9
TRIN,Trinity Capital Inc,$423.8M,Financials,Capital Markets,7.19%,--
TRMK,Trustmark Corp,$1.9B,Financials,Banks,3.02%,+1.0
TRMT,Tremont Mortgage Trust,$58.3M,Financials,Mortgage Real Estate Investment Trusts (REITs),11.85%,+1.9
TRST,TrustCo Bank Corp NY,$613.8M,Financials,Thrifts & Mortgage Finance,4.26%,+1.2
TRTN,Triton International Ltd,$3.6B,Industrials,Trading Companies & Distributors,4.29%,+1.6
TRTN-A,Triton International Ltd,--,Industrials,Trading Companies & Distributors,7.55%,--
TRTN-B,Triton International Ltd,--,Industrials,Trading Companies & Distributors,7.17%,--
TRTN-C,Triton International Ltd,--,Industrials,Trading Companies & Distributors,6.74%,--
TRTN-D,Triton International Ltd,--,Industrials,Trading Companies & Distributors,6.36%,--
TRTX,TPG RE Finance Trust Inc,$931.5M,Financials,Mortgage Real Estate Investment Trusts (REITs),6.58%,+2.0
TSI,TCW Strategic Income Fund Inc.,$278.8M,,,3.66%,+0.3
TSLX,Sixth Street Specialty Lending Inc,$1.6B,Financials,Capital Markets,7.24%,+1.3
TTE,TotalEnergies SE (ADR),$114.8B,Energy,"Oil, Gas & Consumable Fuels",7.23%,+1.0
TWO,Two Harbors Investment Corp,$2.0B,Financials,Mortgage Real Estate Investment Trusts (REITs),10.54%,+1.8
TWO-A,Two Harbors Investment Corp,--,Financials,Mortgage Real Estate Investment Trusts (REITs),7.64%,--
TWO-B,Two Harbors Investment Corp,--,Financials,Mortgage Real Estate Investment Trusts (REITs),7.43%,--
TWO-C,Two Harbors Investment Corp,--,Financials,Mortgage Real Estate Investment Trusts (REITs),7.11%,--
TX,Ternium SA (ADR),$10.5B,Materials,Metals & Mining,3.96%,+1.4
TY,Tri-Continental Corporation,$1.8B,,,3.04%,+1.1
TY-,Tri-Continental Corp,--,,,4.39%,--
TYG,Tortoise Energy Infrastructure Corp.,$303.0M,,,5.43%,+3.0
UBA,Urstadt Biddle Properties Inc,$571.0M,Real Estate,Equity Real Estate Investment Trusts (REITs),4.90%,+1.1
UBCP,"United Bancorp, Inc.",$88.3M,Financials,Banks,3.87%,+0.4
UBFO,United Security Bancshares,$139.0M,Financials,Banks,5.40%,+0.8
UBP-H,Urstadt Biddle Properties Inc,--,Real Estate,Equity Real Estate Investment Trusts (REITs),6.00%,--
UBP-K,Urstadt Biddle Properties Inc,--,Real Estate,Equity Real Estate Investment Trusts (REITs),5.54%,--
UBSI,"United Bankshares, Inc.",$4.4B,Financials,Banks,4.09%,+1.4
UE,Urban Edge Properties,$2.1B,Real Estate,Equity Real Estate Investment Trusts (REITs),3.29%,+1.8
UG,"United-Guardian, Inc.",$67.5M,Consumer Staples,Personal Products,5.61%,+0.1
UGI,UGI Corp,$9.5B,Utilities,Gas Utilities,3.03%,+1.0
UGP,Ultrapar Participacoes SA (ADR),$3.0B,Energy,"Oil, Gas & Consumable Fuels",4.20%,+1.3
UHT,Universal Health Realty Income Trust,$782.0M,Real Estate,Equity Real Estate Investment Trusts (REITs),4.96%,+0.8
UIHC,United Insurance Holdings Corp,$138.7M,Financials,Insurance,7.45%,+0.8
UL,Unilever plc (ADR),$142.2B,Consumer Staples,Personal Products,3.68%,+0.5
UMH,"UMH Properties, Inc",$1.2B,Real Estate,Equity Real Estate Investment Trusts (REITs),3.04%,+1.1
UMH-C,UMH Properties Inc,--,Real Estate,Equity Real Estate Investment Trusts (REITs),6.49%,--
UMH-D,UMH Properties Inc,--,Real Estate,Equity Real Estate Investment Trusts (REITs),6.07%,--
UMPQ,Umpqua Holdings Corp,$4.2B,Financials,Banks,4.38%,+1.2
UNB,"Union Bankshares, Inc.",$148.7M,Financials,Banks,3.96%,+1.0
UNIT,Uniti Group Inc,$3.0B,Real Estate,Equity Real Estate Investment Trusts (REITs),4.63%,+1.0
UNM,Unum Group,$5.3B,Financials,Insurance,4.56%,+1.7
USA,Liberty All-Star Equity Fund,$2.0B,,,9.51%,+1.1
USAC,Usa Compression Partners LP,$1.5B,Energy,Energy Equipment & Services,13.78%,+2.1
USB,US Bancorp,$82.7B,Financials,Banks,3.01%,+1.2
USDP,USD Partners LP,$175.8M,Energy,"Oil, Gas & Consumable Fuels",7.08%,+1.3
UTF,Cohen & Steers infrastucture Fund Inc,$2.7B,,,6.41%,+1.0
UTG,REAVES UTILITY INCOME FUND,$2.1B,,,6.32%,+0.7
UTL,Unitil Corporation,$768.1M,Utilities,Multi-Utilities,3.07%,+0.5
UVE,"Universal Insurance Holdings, Inc.",$423.1M,Financials,Insurance,4.73%,+1.1
UVV,Universal Corp,$1.2B,Consumer Staples,Tobacco,6.33%,+0.7
UWMC,UWM Holdings Corp,$11.3B,Financials,Thrifts & Mortgage Finance,5.63%,--
VABK,Virginia National Bankshares Corp,$197.6M,Financials,Banks,3.22%,+0.8
VALE,Vale SA (ADR),$91.6B,Materials,Metals & Mining,8.97%,+1.0
VBF,Invesco Bond Fund,$237.7M,,,3.27%,+0.4
VCF,Delaware Investments Colorado Mncpl IFI,$71.4M,,,3.47%,+0.3
VCV,Invesco California Value Mncpl Incm Trst,$672.5M,,,4.07%,+0.3
VER,Vereit Inc,$11.0B,Real Estate,Equity Real Estate Investment Trusts (REITs),3.78%,+1.2
VFL,DELAWARE INV NATL MUN INCM,$64.3M,,,3.82%,+0.2
VGM,Invesco Trust for Investment GradeMncpls,$770.8M,,,4.55%,+0.2
VGR,Vector Group Ltd,$2.2B,Consumer Staples,Tobacco,5.48%,+1.2
VIA,Via Renewables Inc,$371.0M,Utilities,Electric Utilities,6.90%,+1.1
VICI,VICI Properties Inc,$16.2B,Real Estate,Equity Real Estate Investment Trusts (REITs),4.82%,+1.1
VINP,Vinci Partners Investments Ltd,$792.2M,Financials,Capital Markets,4.39%,--
VIRT,Virtu Financial Inc,$4.5B,Financials,Capital Markets,4.01%,-0.3
VIV,Telefonica Brasil SA (ADR),$13.4B,Communication Services,Diversified Telecommunication Services,12.16%,+0.5
VKI,INVESCO ADV MUNI INCM TR II,$563.8M,,,4.63%,+0.3
VKQ,Invesco Municipal Trust,$767.8M,,,4.54%,+0.2
VLGEA,"Village Super Market, Inc.",$314.3M,Consumer Staples,Food & Staples Retailing,4.60%,+0.1
VLO,Valero Energy Corporation,$26.0B,Energy,"Oil, Gas & Consumable Fuels",6.17%,+2.1
VLT,Invesco Van Kampen High Income Trust II,$97.7M,,,7.71%,+0.7
VLY,Valley National Bancorp,$5.0B,Financials,Banks,3.53%,+1.3
VMO,Invesco Municipal Opportunity Trust,$937.7M,,,4.57%,+0.3
VNO,Vornado Realty Trust,$7.8B,Real Estate,Equity Real Estate Investment Trusts (REITs),5.12%,+1.4
VNO-K,Vornado Realty Trust,--,Real Estate,Equity Real Estate Investment Trusts (REITs),5.42%,--
VNO-L,Vornado Realty Trust,--,Real Estate,Equity Real Estate Investment Trusts (REITs),5.10%,--
VNO-M,Vornado Realty Trust,--,Real Estate,Equity Real Estate Investment Trusts (REITs),4.98%,--
VNO-N,Vornado Realty Trust,--,Real Estate,Equity Real Estate Investment Trusts (REITs),4.75%,--
VNOM,Viper Energy Partners LP,$1.2B,Energy,"Oil, Gas & Consumable Fuels",6.96%,+2.8
VOC,VOC Energy Trust,$72.0M,Energy,"Oil, Gas & Consumable Fuels",9.36%,+2.0
VOD,Vodafone Group Plc (ADR),$45.2B,Communication Services,Wireless Telecommunication Services,6.49%,+1.0
VPV,Invesco Pennsylvania Value Mncpl Incm Tr,$318.8M,,,4.48%,+0.2
VST,Vistra Corp,$9.0B,Utilities,Independent Power & Renewable Electricity Producers,3.17%,+0.9
VTA,Invesco Dynamic Credit Opportunities Fd,$735.6M,,,7.70%,+0.7
VTN,Invesco Van Kmpn Trst for Inv Gr NY Mcps,$265.9M,,,4.20%,+0.3
VTR,"Ventas, Inc.",$21.5B,Real Estate,Equity Real Estate Investment Trusts (REITs),3.20%,+1.3
VTRS,Viatris Inc,$16.8B,Health Care,Pharmaceuticals,3.08%,+1.5
VVR,Invesco Senior Income Trust,$674.1M,,,5.71%,+0.7
VZ,Verizon Communications Inc.,$225.3B,Communication Services,Diversified Telecommunication Services,4.70%,+0.5
WASH,Washington Trust Bancorp Inc,$878.0M,Financials,Banks,4.06%,+0.8
WBA,Walgreens Boots Alliance Inc,$43.1B,Consumer Staples,Food & Staples Retailing,3.78%,+0.5
WBK,Westpac Banking Corp (ADR),$69.1B,Financials,Banks,3.56%,+0.9
WBS,Webster Financial Corporation,$4.4B,Financials,Banks,3.25%,+1.5
WEA,Western Asset Premier Bond Fund,$171.8M,,,5.46%,+0.6
WES,Western Midstream Partners LP,$8.3B,Energy,"Oil, Gas & Consumable Fuels",6.32%,+3.8
WEYS,"Weyco Group, Inc.",$219.0M,Consumer Discretionary,Distributors,4.26%,+0.7
WF,Woori Financial Group Inc (ADR),$6.7B,Financials,Banks,4.81%,+0.7
WFC-L,Wells Fargo & Co,--,Financials,Banks,4.89%,--
WHF,WhiteHorse Finance Inc,$326.6M,Financials,Capital Markets,9.06%,+1.6
WILC,G Willi-Food International Ltd,$294.3M,Consumer Staples,Food & Staples Retailing,5.95%,+0.6
WIW,Western Asst Inflatn Lkd Opts & Inc Fd,$819.9M,,,3.21%,+0.5
WLKP,Westlake Chemical Partners LP,$904.8M,Materials,Chemicals,7.29%,+1.1
WMB,Williams Companies Inc,$29.6B,Energy,"Oil, Gas & Consumable Fuels",6.79%,+1.5
WMC,Western Asset Mortgage Capital Corp,$154.5M,Financials,Mortgage Real Estate Investment Trusts (REITs),8.92%,+2.2
WPC,WP Carey Inc,$14.4B,Real Estate,Equity Real Estate Investment Trusts (REITs),5.42%,+0.7
WSBC,WesBanco Inc,$2.1B,Financials,Banks,4.14%,+1.1
WSBF,Waterstone Financial Inc,$505.3M,Financials,Thrifts & Mortgage Finance,3.99%,+0.3
WSR,Whitestone REIT,$450.6M,Real Estate,Equity Real Estate Investment Trusts (REITs),4.39%,+1.4
WTBA,"West Bancorporation, Inc.",$491.4M,Financials,Banks,3.25%,+1.0
WU,The Western Union Company,$8.6B,Information Technology,IT Services,4.41%,+1.0
XFLT-A,XAI Octagon Floating Rate & Alternative Income Ter,--,,,8.67%,--
XOM,Exxon Mobil Corporation,$229.6B,Energy,"Oil, Gas & Consumable Fuels",6.43%,+1.4
XOMAP,XOMA Corp,--,Health Care,Biotechnology,8.14%,--
XRX,Xerox Holdings Corp,$3.7B,Information Technology,"Technology Hardware, Storage & Peripherals",4.72%,+1.8
YCBD-A,cbdMD Inc,--,Health Care,Pharmaceuticals,11.23%,--
YY,JOYY Inc (ADR),$5.0B,Communication Services,Interactive Media & Services,3.11%,+0.9
ZTR,Virtus Total Return Fund Inc,$461.2M,,,9.80%,+1.2
,,,,,,
